filename,mfcc1,mfcc2,mfcc3,mfcc4,mfcc5,mfcc6,mfcc7,mfcc8,mfcc9,mfcc10,mfcc11,mfcc12,mfcc13,mfcc14,mfcc15,mfcc16,mfcc17,mfcc18,mfcc19,mfcc20,mfcc21,mfcc22,mfcc23,mfcc24,mfcc25,label
1-187207-A-20.wav,-283.16461181640625,102.49002838134766,-8.504624366760254,8.035289764404297,-19.809656143188477,3.051079034805298,2.37923002243042,-7.019489288330078,6.673357009887695,8.143366813659668,1.0132027864456177,-2.902097702026367,-4.647757530212402,-1.8443320989608765,4.447972774505615,9.988543510437012,11.9639892578125,5.568209648132324,-3.4190266132354736,-6.611103534698486,-1.8361655473709106,2.575854778289795,1.1076103448867798,-6.322513580322266,-7.471671104431152,cry
1-211527-A-20.wav,-298.9625549316406,4.471973419189453,-45.02835464477539,28.08502197265625,-8.226130485534668,-2.535426378250122,11.786796569824219,9.92723274230957,5.437576770782471,-5.2558112144470215,0.2790586054325104,8.537517547607422,3.48500657081604,34.865692138671875,22.124916076660156,17.02600860595703,2.403630018234253,-3.215581178665161,-5.931446075439453,6.317267417907715,-2.080139398574829,-1.0987619161605835,-0.6382686495780945,3.5986006259918213,2.042043924331665,cry
1-211527-B-20.wav,-198.65603637695312,80.99497985839844,-53.77033615112305,12.426741600036621,-25.826269149780273,7.334646701812744,15.552032470703125,9.66110610961914,-2.8235976696014404,-1.9799939393997192,2.3677444458007812,5.8956685066223145,-0.14011260867118835,10.95050048828125,8.094512939453125,15.78866958618164,18.220924377441406,10.799641609191895,1.0398527383804321,5.143015384674072,7.555388927459717,4.787335395812988,-1.2506818771362305,0.3974939286708832,-0.8497950434684753,cry
1-211527-C-20.wav,-260.3104248046875,-10.82745361328125,-55.665157318115234,11.064682960510254,-23.76479721069336,-7.195431232452393,20.51485252380371,5.206389904022217,-5.957998275756836,-4.667822360992432,-0.1464877724647522,13.051612854003906,2.99267840385437,48.44409942626953,35.75261306762695,20.839204788208008,-4.046483516693115,-5.087467670440674,-7.824814796447754,10.258424758911133,6.205783367156982,-5.047797203063965,-16.782392501831055,6.547510147094727,12.245683670043945,cry
1-22694-A-20.wav,-298.2747802734375,50.106624603271484,-23.853073120117188,3.4132001399993896,1.960107684135437,9.78300666809082,-2.621670722961426,17.587932586669922,-3.991849660873413,2.34521484375,-3.4945690631866455,1.4310098886489868,-8.172645568847656,0.10017585754394531,2.763425588607788,10.216764450073242,10.321148872375488,17.105924606323242,-5.090788841247559,0.12839168310165405,-1.358799695968628,5.588281154632568,3.45404052734375,5.970775604248047,-5.646454334259033,cry
1-22694-B-20.wav,-338.7799377441406,73.74308776855469,-8.696137428283691,4.194356918334961,7.166290760040283,10.70149040222168,-3.2887020111083984,12.34178352355957,1.2463825941085815,4.514986515045166,-7.258799076080322,3.5426461696624756,-4.252063274383545,2.762286901473999,-3.154423713684082,5.077478408813477,8.688302993774414,13.774883270263672,-3.2853944301605225,6.290701389312744,-2.5548887252807617,0.43506643176078796,0.8001994490623474,3.253251791000366,-2.6583635807037354,cry
1-60997-A-20.wav,-326.1381530761719,-3.715545654296875,-57.538333892822266,6.210481643676758,-48.00707244873047,7.055251598358154,-6.25893497467041,0.07465022057294846,-7.832723140716553,-2.3408727645874023,-14.334759712219238,-8.52307415008545,1.6329716444015503,3.648064136505127,1.4752923250198364,14.936802864074707,7.621882915496826,5.713141441345215,-1.0958092212677002,-1.6563268899917603,-2.985933303833008,0.26853644847869873,-2.499725818634033,-4.018710136413574,-5.30654239654541,cry
1-60997-B-20.wav,-293.83782958984375,-35.08982467651367,-78.79100799560547,12.672100067138672,-49.75666427612305,7.496732711791992,-13.941885948181152,5.942258358001709,-11.430743217468262,-2.0869336128234863,-23.326271057128906,-10.387835502624512,2.817225217819214,7.276230812072754,4.824531078338623,16.238651275634766,8.50285816192627,1.2803544998168945,-5.073159694671631,-2.581333875656128,0.5471281409263611,0.36500269174575806,-5.641613483428955,-7.891516208648682,-4.966543674468994,cry
2-107351-A-20.wav,-181.5914306640625,12.482311248779297,-61.11345672607422,2.1170897483825684,-8.252360343933105,-21.823274612426758,-21.561206817626953,17.183664321899414,4.86672306060791,-4.543837547302246,-3.455670118331909,3.201608657836914,9.357598304748535,9.041024208068848,-2.845590353012085,3.008981704711914,-1.5620077848434448,0.5430079102516174,-4.531772136688232,-2.9147074222564697,-2.8840999603271484,-2.1400184631347656,-5.102782249450684,2.3084726333618164,-1.6005022525787354,cry
2-107351-B-20.wav,-167.95254516601562,-3.9712021350860596,-73.44368743896484,4.003417015075684,-1.6524606943130493,-5.9107584953308105,-18.166757583618164,14.886857986450195,11.202801704406738,-8.774269104003906,-4.63692569732666,8.786821365356445,15.430728912353516,3.2900607585906982,0.7308517694473267,5.307837009429932,-4.883517265319824,0.9240437150001526,1.53725004196167,4.89357328414917,2.2510836124420166,-6.855556964874268,-6.072934627532959,4.3510637283325195,1.5091651678085327,cry
2-151079-A-20.wav,-319.48040771484375,37.95069885253906,-37.045589447021484,-26.90188217163086,-11.823846817016602,2.1615664958953857,9.176152229309082,6.258063793182373,0.9351672530174255,2.325007915496826,-7.35959529876709,2.6183221340179443,2.5371835231781006,-0.9728578925132751,10.498116493225098,4.097726345062256,7.312122344970703,9.11234188079834,2.4226534366607666,5.307926177978516,-1.0037914514541626,3.228240966796875,1.408949851989746,0.6530810594558716,-2.1603634357452393,cry
2-50665-A-20.wav,-428.83770751953125,17.27383041381836,-23.62395477294922,10.917738914489746,-18.829755783081055,0.5675473809242249,-4.183798789978027,0.384304940700531,15.606742858886719,-6.917666912078857,0.674486517906189,9.537750244140625,13.678275108337402,15.013158798217773,9.931329727172852,4.825407981872559,-8.33502197265625,-1.1803652048110962,0.11141077429056168,1.1438719034194946,-7.879944801330566,-6.647861957550049,4.443141937255859,0.016941070556640625,1.1597425937652588,cry
2-50666-A-20.wav,-309.0443115234375,54.05012130737305,-31.750978469848633,31.587480545043945,-28.78707504272461,2.12878680229187,-19.368602752685547,3.9061341285705566,28.108640670776367,7.106322288513184,-0.11184749007225037,-2.5211102962493896,-2.9017584323883057,-13.676560401916504,-2.9836981296539307,-2.5865478515625,10.488839149475098,15.532135009765625,16.05997657775879,18.898420333862305,2.1718733310699463,6.808993339538574,1.2595463991165161,-4.016993522644043,-2.4763429164886475,cry
2-66637-A-20.wav,-200.0513916015625,27.403757095336914,-10.641379356384277,-11.443528175354004,-12.593242645263672,-10.140297889709473,-14.319026947021484,17.387821197509766,-1.9231157302856445,8.219381332397461,-2.5401058197021484,2.1128387451171875,2.7954275608062744,7.115521430969238,-2.238783359527588,3.194365978240967,-8.86838436126709,1.2103508710861206,-5.185962677001953,5.001433849334717,-5.258472442626953,5.581164836883545,-4.3259735107421875,1.5067139863967896,-3.404690742492676,cry
2-66637-B-20.wav,-217.28280639648438,48.15381622314453,-13.736827850341797,-11.242591857910156,-11.965961456298828,6.923270225524902,-9.632482528686523,12.72484302520752,-0.09499217569828033,4.833843231201172,-6.035305023193359,2.2568438053131104,-5.966236591339111,9.262785911560059,1.4665573835372925,6.215456008911133,-4.254664897918701,3.6875078678131104,-5.576589107513428,2.650599718093872,-5.051605701446533,4.475311279296875,-3.787116527557373,2.114879846572876,-1.6643122434616089,cry
2-80482-A-20.wav,-357.2668762207031,-44.13777542114258,-72.71253967285156,-35.18695831298828,-20.584835052490234,-19.12889862060547,-12.593652725219727,1.1469365358352661,-22.291427612304688,1.6582350730895996,-8.788569450378418,5.437010765075684,-7.074939250946045,-8.859044075012207,0.5250796675682068,10.721522331237793,7.501468658447266,6.505054950714111,6.247341632843018,11.680841445922852,3.8450071811676025,-0.612690806388855,-8.468244552612305,0.5348867774009705,-4.408534526824951,cry
3-151080-A-20.wav,-190.0778045654297,39.78949737548828,-57.81083297729492,-23.653697967529297,-27.32478904724121,0.06601139158010483,10.39454460144043,15.242669105529785,-13.47590446472168,13.587418556213379,-16.771974563598633,5.122995853424072,-7.151965618133545,-16.92782974243164,-10.262059211730957,5.312632083892822,-4.742264270782471,-3.0471463203430176,-7.173699855804443,1.7761430740356445,-4.455356121063232,1.5377334356307983,-6.479576587677002,5.96882438659668,4.8321757316589355,cry
3-151081-A-20.wav,-191.15834045410156,14.46132755279541,-33.424774169921875,-8.941039085388184,-16.230642318725586,18.693880081176758,14.463725090026855,18.066850662231445,1.4295988082885742,2.9466662406921387,0.4441855251789093,8.563389778137207,-7.480077743530273,-7.556933403015137,-8.83204460144043,5.530035972595215,-0.7519688606262207,0.9678621888160706,0.8766105771064758,7.189780235290527,-6.189837455749512,1.0345507860183716,-3.2136754989624023,0.6794685125350952,-1.7499940395355225,cry
3-151081-B-20.wav,-241.93385314941406,85.49794006347656,-30.114953994750977,-3.7848217487335205,-12.611896514892578,3.874145984649658,12.470415115356445,30.56977081298828,9.34334945678711,-2.3611438274383545,0.6371095180511475,-0.585388720035553,-8.589896202087402,0.7102959156036377,-14.076087951660156,3.7717926502227783,-2.9965057373046875,1.8937344551086426,-2.4114370346069336,9.529852867126465,-6.363666534423828,0.16003163158893585,-2.0315420627593994,13.24945068359375,-0.00913238525390625,cry
3-152007-A-20.wav,-327.7268981933594,12.514338493347168,-46.604644775390625,7.0647196769714355,-24.624788284301758,-5.447530269622803,-38.14924240112305,-5.548397541046143,-1.5916939973831177,-6.790669918060303,-8.86760425567627,3.4356749057769775,4.8578972816467285,11.860297203063965,4.923507213592529,5.697966575622559,-0.5129238963127136,-10.514739990234375,-3.7410526275634766,-5.347064971923828,-2.2153992652893066,4.035389423370361,-10.666810035705566,-6.518157482147217,-5.882892608642578,cry
3-152007-B-20.wav,-177.7097625732422,51.538970947265625,-73.3971176147461,-8.341363906860352,-48.05241775512695,-7.831963062286377,-36.64516830444336,-14.40909194946289,24.19764518737793,-18.353971481323242,-17.309560775756836,-6.908825397491455,-7.453061580657959,1.0194040536880493,4.833563804626465,10.088872909545898,0.49815693497657776,-9.472735404968262,3.7144014835357666,-8.406079292297363,-10.443476676940918,2.0424976348876953,-13.31756591796875,0.4982961118221283,-3.3831634521484375,cry
3-152007-C-20.wav,-297.6214294433594,35.553104400634766,-40.40306854248047,16.49725341796875,-29.42051124572754,-14.826691627502441,-34.46821212768555,-8.175232887268066,-2.560397148132324,-16.68519401550293,-12.028603553771973,3.409540891647339,-4.07513952255249,2.040426254272461,8.331537246704102,15.738395690917969,5.131494522094727,-8.810172080993652,-5.194701671600342,-7.193868160247803,-1.9277372360229492,-2.8958098888397217,-10.588715553283691,-15.051427841186523,-7.150784015655518,cry
3-152007-D-20.wav,-265.41314697265625,-1.3220361471176147,-72.83892822265625,1.4828482866287231,-30.159990310668945,-5.283929824829102,-34.69898223876953,-6.234853267669678,-12.963472366333008,-6.031495094299316,4.508670806884766,1.3088699579238892,-0.03301917016506195,8.877227783203125,9.664301872253418,-2.6189157962799072,3.5075247287750244,-5.588488578796387,-4.35972261428833,-3.880082130432129,-9.210359573364258,4.2191338539123535,-7.483890533447266,-2.118839979171753,-2.878390312194824,cry
3-152007-E-20.wav,-234.3717498779297,39.52898025512695,-65.68453216552734,14.71859073638916,-51.69267654418945,-19.926753997802734,-37.09523391723633,-28.17906951904297,11.265006065368652,-21.00799560546875,-13.768861770629883,-8.323601722717285,-5.836360931396484,5.583314895629883,16.531078338623047,10.553740501403809,11.98090934753418,-9.336564064025879,-5.270160675048828,-11.645818710327148,-4.896419525146484,-1.0358585119247437,-11.302173614501953,-7.510934352874756,-6.589068412780762,cry
4-167077-A-20.wav,-282.0216979980469,52.26893615722656,1.2779650688171387,-4.522633075714111,3.0120930671691895,-4.795547008514404,4.819570541381836,19.10598373413086,9.488724708557129,4.123487949371338,-2.796635627746582,2.694216728210449,-3.141385078430176,6.321303844451904,2.1236281394958496,4.979259490966797,4.932972431182861,6.8637237548828125,0.34608033299446106,9.500462532043457,6.366745471954346,12.549190521240234,3.09409761428833,4.491796493530273,-2.530592679977417,cry
4-167077-B-20.wav,-208.5777587890625,42.15283966064453,-22.690290451049805,-6.637913227081299,-2.974785327911377,-17.13309097290039,-9.885133743286133,17.270584106445312,-2.9243502616882324,6.621984481811523,-15.367449760437012,0.9943343997001648,0.8465076088905334,6.17918062210083,0.590366542339325,8.029779434204102,6.457583904266357,17.093929290771484,0.8474282026290894,7.3541178703308105,-0.8265239596366882,5.789667129516602,-3.215797185897827,1.6593317985534668,-2.870272636413574,cry
4-167077-C-20.wav,-267.7375183105469,59.38808059692383,-29.660661697387695,-5.586365699768066,-12.065224647521973,-7.714145183563232,-6.611176490783691,8.409048080444336,0.31564953923225403,4.970260143280029,-13.737911224365234,2.1558377742767334,-1.746779441833496,2.7282302379608154,0.44582706689834595,5.101387977600098,2.2142200469970703,10.585993766784668,3.2839951515197754,11.610047340393066,4.790033340454102,8.233277320861816,-0.14498478174209595,1.3626458644866943,-3.0427348613739014,cry
4-185575-A-20.wav,-219.55946350097656,60.862213134765625,-28.720102310180664,6.430759906768799,-3.8370940685272217,1.6580548286437988,-29.113794326782227,13.79050064086914,-1.0820114612579346,7.342952251434326,-15.002915382385254,-0.07379122078418732,-0.6930304765701294,-7.1319580078125,-7.8017754554748535,1.9365007877349854,0.1853661686182022,9.140535354614258,-1.4370965957641602,2.352757692337036,-6.261570453643799,-1.1408295631408691,-5.643875598907471,-0.6639429926872253,-0.6052237153053284,cry
4-185575-B-20.wav,-205.8675994873047,75.76222229003906,-31.74519920349121,1.4559239149093628,-11.47213363647461,-3.2279064655303955,-38.250732421875,5.2700018882751465,-11.298823356628418,5.711374759674072,-11.064342498779297,3.7630252838134766,-4.7816853523254395,-4.283771514892578,-5.886172771453857,2.023911476135254,-5.601993560791016,4.368402004241943,-1.4224507808685303,1.4090628623962402,-5.393181324005127,2.573141574859619,-5.167186260223389,-4.005002975463867,-3.9074819087982178,cry
4-185575-C-20.wav,-255.86412048339844,59.040008544921875,-38.12527084350586,-4.708873271942139,-12.32390022277832,-2.009014368057251,-31.13707733154297,-2.2019057273864746,-12.295536994934082,-4.968826770782471,-11.017911911010742,1.98369300365448,-10.297418594360352,-1.366215467453003,-2.5779690742492676,7.431917667388916,4.966604709625244,1.5617005825042725,-8.14593505859375,-5.747164249420166,-2.8263797760009766,6.541650772094727,-4.825811386108398,-4.370993614196777,-6.849641799926758,cry
4-59579-A-20.wav,-221.40281677246094,4.028724193572998,-41.57815933227539,5.918935775756836,-6.991530418395996,6.657321453094482,-27.098751068115234,4.230215072631836,2.949493408203125,0.8251102566719055,-7.483297824859619,-1.2989860773086548,5.173612117767334,4.687658309936523,-2.1979787349700928,5.159878253936768,-3.3741183280944824,3.9973504543304443,2.113642454147339,1.7834371328353882,-3.7697885036468506,-0.4554009735584259,-3.4886515140533447,1.4140105247497559,-0.655126690864563,cry
4-59579-B-20.wav,-368.6777648925781,39.77155685424805,-17.081846237182617,-0.6459578275680542,-15.345157623291016,-6.765474796295166,-23.765445709228516,3.299440383911133,-1.8773512840270996,-4.694372653961182,-0.01151394285261631,-2.363095283508301,-0.7594746351242065,2.961395502090454,0.766497790813446,8.02773666381836,5.689727306365967,0.05114998295903206,6.850447654724121,-4.671829700469971,-3.144583225250244,1.1038092374801636,-5.272763729095459,0.749603271484375,-4.653809547424316,cry
5-151085-A-20.wav,-160.03369140625,30.977697372436523,-65.4231185913086,-26.399526596069336,-29.310121536254883,0.713527262210846,8.094452857971191,15.815248489379883,-16.577388763427734,12.197188377380371,-17.193115234375,5.039974212646484,-7.790342330932617,-16.813608169555664,-11.546220779418945,4.830214500427246,-5.0070013999938965,-5.042653560638428,-8.51036548614502,1.1237666606903076,-5.830414772033691,0.2308475375175476,-7.225504398345947,5.1641764640808105,4.672558784484863,cry
5-198411-A-20.wav,-273.3635559082031,25.059316635131836,-38.18083953857422,9.78475570678711,-1.3236253261566162,5.267638683319092,-5.6702117919921875,2.690659999847412,6.934937000274658,6.178144454956055,3.4893980026245117,2.854578971862793,6.899203300476074,18.954191207885742,13.253215789794922,14.494407653808594,2.692211866378784,-1.4519803524017334,-7.106688976287842,3.1323840618133545,2.1912736892700195,3.8862059116363525,-6.417958736419678,2.547851324081421,1.812764048576355,cry
5-198411-B-20.wav,-258.36614990234375,74.25950622558594,-7.145108699798584,24.85287094116211,-24.036514282226562,2.333374500274658,-5.690959930419922,-3.8155980110168457,12.95158576965332,-5.383521556854248,20.29999542236328,-2.580050468444824,1.3252099752426147,9.330784797668457,9.550896644592285,6.612211227416992,4.17905330657959,8.566133499145508,4.532573223114014,15.658991813659668,3.693960666656494,13.64229965209961,-8.957684516906738,4.256918430328369,-2.4517831802368164,cry
5-198411-C-20.wav,-283.4759216308594,115.20138549804688,6.834145545959473,-0.5724675059318542,-25.333858489990234,-10.354042053222656,-25.359798431396484,-22.107702255249023,6.711094379425049,-2.862711191177368,11.60316276550293,2.3132474422454834,4.438107013702393,9.136408805847168,11.658343315124512,13.709549903869629,13.668621063232422,14.51905632019043,5.249890327453613,8.677783012390137,-4.9617438316345215,7.683468341827393,-9.494078636169434,0.671761691570282,-10.289928436279297,cry
5-198411-D-20.wav,-199.64344787597656,63.998390197753906,-32.03419876098633,13.144488334655762,-22.031543731689453,-10.669092178344727,-16.4737491607666,-0.731946587562561,6.688717365264893,-4.446837902069092,20.635990142822266,-1.236342430114746,13.093511581420898,24.514341354370117,5.1774749755859375,3.8049275875091553,1.4252629280090332,9.031891822814941,-3.5760838985443115,7.919167995452881,-5.866982936859131,5.393067359924316,-7.922779083251953,8.98631477355957,-0.08496766537427902,cry
5-198411-E-20.wav,-191.6630859375,79.94100952148438,-4.715752601623535,21.071975708007812,-42.40328598022461,0.51053786277771,-5.053347110748291,-17.509748458862305,4.762758255004883,-11.826054573059082,31.154142379760742,-6.648841381072998,14.652637481689453,26.60590362548828,14.970112800598145,12.332221984863281,2.0814900398254395,7.227999210357666,-8.41093921661377,11.0745849609375,-10.23508071899414,2.7877120971679688,-8.727240562438965,3.006865978240967,2.410032272338867,cry
5-198411-F-20.wav,-266.6612548828125,11.705376625061035,-63.33015060424805,12.42708969116211,9.397209167480469,-0.3560422360897064,-8.92839527130127,7.017367839813232,18.79570770263672,4.030917167663574,5.562876224517822,10.32575798034668,16.649532318115234,13.011744499206543,1.3743354082107544,5.026822566986084,9.564146041870117,-0.45234963297843933,-7.158377647399902,1.762355923652649,6.437822341918945,4.077037811279297,-4.214303970336914,3.285473346710205,-4.128153324127197,cry
5-198411-G-20.wav,-309.6755676269531,87.84544372558594,1.5815008878707886,15.038630485534668,-25.363271713256836,0.5646765232086182,-6.151758193969727,-5.3296074867248535,15.849451065063477,-1.3804898262023926,27.825166702270508,5.5242695808410645,8.904598236083984,13.434507369995117,2.2471601963043213,2.427523612976074,8.900914192199707,14.237251281738281,5.017663955688477,9.294529914855957,-7.396732330322266,0.9778153300285339,-5.556450843811035,6.883974552154541,-2.631624937057495,cry
Louise_01.m4a_0.wav,-237.38995361328125,47.24560546875,7.544699192047119,31.298946380615234,-26.25065040588379,6.393682479858398,-6.734671592712402,-2.314009428024292,-11.094488143920898,-5.230483531951904,0.08595042675733566,-16.29075050354004,10.101661682128906,-2.0776491165161133,8.950300216674805,11.973841667175293,20.691299438476562,5.958977222442627,2.181272506713867,0.9081794023513794,-10.259049415588379,3.032045364379883,-13.025922775268555,-2.0223259925842285,-11.214959144592285,cry
V_2017-04-01+08_06_22=0_30.mp3_0.wav,-213.0142822265625,29.651124954223633,-31.559926986694336,-6.028648853302002,-35.03095245361328,-19.017290115356445,-21.274169921875,-5.382397651672363,-14.20454216003418,-21.50193977355957,-10.904093742370605,4.574887275695801,4.824243545532227,7.019412040710449,-0.7630858421325684,-12.181055068969727,-16.04641342163086,-8.06871223449707,-13.370356559753418,-6.479663372039795,-20.128341674804688,5.871187210083008,1.480977177619934,2.108523368835449,-7.28331184387207,cry
1-100032-A-0.wav,-600.9691772460938,4.735329627990723,-8.546893119812012,-4.235802173614502,-0.8592404127120972,-1.933061957359314,-0.3346897065639496,0.8651508092880249,0.7821248173713684,0.4798204004764557,-0.5150490999221802,-0.20849330723285675,-0.8980101346969604,0.4961152970790863,-0.11548637598752975,-0.3001091778278351,-1.1466599702835083,-0.06049429625272751,-0.15721629559993744,0.5011189579963684,-0.7076254487037659,-0.5347321629524231,0.3070629835128784,-0.22518570721149445,-0.43748658895492554,no_cry
1-17367-A-10.wav,-85.73223114013672,74.40856170654297,-100.62937927246094,65.43181610107422,-40.777374267578125,59.31952667236328,-39.63346481323242,45.40700149536133,-21.426298141479492,23.30572509765625,-15.644861221313477,16.256370544433594,-2.5108814239501953,-1.33107328414917,4.491954803466797,-3.458120346069336,6.30718469619751,-11.37476921081543,9.67449951171875,-13.453841209411621,9.185845375061035,-13.85062026977539,9.518939018249512,-6.477742671966553,3.4772496223449707,no_cry
1-23996-A-35.wav,-47.45146179199219,124.52436065673828,-30.42622947692871,14.942956924438477,0.5223909020423889,-9.917304992675781,-5.037278175354004,0.7639104127883911,-10.769330978393555,1.1271543502807617,-3.3220889568328857,1.558753252029419,-2.2782528400421143,-6.858623504638672,-13.679434776306152,5.314505577087402,-8.75148868560791,-6.3821563720703125,-2.3296916484832764,-2.2687907218933105,-8.603265762329102,4.2972187995910645,0.10620153695344925,4.034389019012451,0.7884421944618225,no_cry
1-27405-A-28.wav,-387.5630187988281,70.90847778320312,22.400663375854492,21.822948455810547,1.9383046627044678,7.0351948738098145,-0.27533599734306335,2.4958322048187256,2.1660451889038086,3.6184308528900146,-0.1523154079914093,3.3631348609924316,-3.240669012069702,-1.8300803899765015,-4.570201396942139,-0.6368571519851685,-6.744434833526611,-2.1377899646759033,-3.788360357284546,-1.7687304019927979,-5.363353729248047,-0.08603142201900482,-4.2559332847595215,-1.5444257259368896,-1.8527560234069824,no_cry
1-30709-A-23.wav,-173.2364044189453,143.47459411621094,-21.132051467895508,15.929036140441895,-23.464599609375,-9.76694107055664,19.225431442260742,12.395720481872559,2.69930362701416,12.565022468566895,-25.05232810974121,11.887907981872559,5.0163421630859375,-3.5501952171325684,3.0762224197387695,6.367913722991943,-4.566929340362549,-5.7221760749816895,5.359196186065674,8.036101341247559,-11.80352783203125,1.2433581352233887,-1.2002121210098267,5.519320011138916,2.520878791809082,no_cry
1-31748-A-21.wav,-639.5333251953125,14.662468910217285,-2.507322311401367,3.4535603523254395,-0.6529867649078369,1.5791963338851929,-2.2935192584991455,1.754686951637268,1.219854474067688,-1.1186585426330566,-0.15909236669540405,-0.4045921862125397,-1.0650149583816528,-0.5315334796905518,-1.3419820070266724,-1.4004485607147217,-1.0796594619750977,-1.094374656677246,-1.3565568923950195,-0.32779958844184875,-1.308174729347229,-0.990134060382843,-0.756534993648529,0.4073008894920349,-0.17412632703781128,no_cry
1-33658-A-26.wav,-351.01507568359375,92.15227508544922,1.5997868776321411,21.84147071838379,12.151366233825684,7.812456130981445,-0.7783822417259216,-1.4241362810134888,2.1187503337860107,0.9949332475662231,-5.555218696594238,-4.637985706329346,-2.692143678665161,6.568844318389893,-0.21270553767681122,0.8353748917579651,7.252168655395508,6.448256969451904,5.78261661529541,9.44239616394043,1.8548033237457275,-0.9426267147064209,0.4707908630371094,0.27053508162498474,1.6914864778518677,no_cry
1-36402-A-23.wav,-658.2778930664062,21.193811416625977,-7.881317615509033,2.4005024433135986,3.6538310050964355,-0.7183031439781189,-0.9580006003379822,0.7897050380706787,-4.678362846374512,0.9022480845451355,0.12417955696582794,2.166754722595215,1.3810216188430786,1.9642661809921265,-0.4889674782752991,1.711735725402832,1.023930311203003,1.4833028316497803,-0.9525684118270874,-1.7360496520996094,-0.4288134276866913,-0.4935464560985565,-0.1802784949541092,0.45705753564834595,-1.3034783601760864,no_cry
1-47273-A-21.wav,-665.5675659179688,21.52562141418457,-4.055270195007324,2.3049814701080322,-12.29220962524414,-7.541133880615234,-2.367886781692505,2.0183680057525635,-0.9781091213226318,-2.462416410446167,-5.5900959968566895,-2.5575852394104004,-2.595395803451538,2.9736132621765137,-0.7126973271369934,2.0147769451141357,0.6498009562492371,1.3006001710891724,-3.1167690753936768,2.127017021179199,0.05903796851634979,3.5312252044677734,1.5477526187896729,0.42795804142951965,0.2877994775772095,no_cry
1-47274-A-21.wav,-431.0990295410156,25.84398651123047,-12.575518608093262,-5.502716064453125,-9.360095977783203,-8.698533058166504,-8.505500793457031,-1.725569248199463,-3.5028467178344727,-5.842203617095947,-5.9349365234375,-2.2942428588867188,-1.072261095046997,-1.9920400381088257,0.4557495713233948,1.2133606672286987,-2.993624448776245,0.8082947731018066,1.2460923194885254,0.31535041332244873,0.692199170589447,2.1839962005615234,1.2254325151443481,0.511367917060852,-1.072313666343689,no_cry
1-53501-A-32.wav,-553.5206909179688,5.762399196624756,-32.704811096191406,4.489424705505371,-4.859950542449951,-3.4848155975341797,-8.28345775604248,1.649561882019043,-4.902405261993408,4.0941853523254395,-4.770811080932617,6.835816383361816,-0.6810599565505981,4.587277412414551,-4.117633819580078,4.82843017578125,0.9880755543708801,3.8651211261749268,-2.475698947906494,3.356445550918579,1.3874868154525757,1.7986910343170166,-1.8766026496887207,2.044965982437134,-3.1936917304992676,no_cry
1-53670-A-18.wav,-249.0767822265625,80.18043518066406,-3.8832759857177734,25.57737159729004,8.517498970031738,18.512603759765625,-1.089848518371582,10.985552787780762,-6.02988338470459,13.434988975524902,1.2092435359954834,7.836389541625977,-4.084777355194092,-0.5288183689117432,-1.8971792459487915,3.352003812789917,1.0980820655822754,10.263472557067871,3.677324056625366,9.047672271728516,-0.03601731359958649,6.833796977996826,0.0929824709892273,3.6728525161743164,-1.6840676069259644,no_cry
1-59513-A-0.wav,-333.1411437988281,160.5325164794922,15.692052841186523,-4.340104103088379,-8.506342887878418,-13.415104866027832,-6.709085464477539,-6.767348766326904,-11.373401641845703,-12.689697265625,-3.369457483291626,0.9459942579269409,-5.7222676277160645,-1.9293698072433472,-1.5010418891906738,-2.815035820007324,2.296025276184082,3.0389692783355713,0.9291709065437317,-5.839073657989502,-6.081451416015625,-2.3183529376983643,-7.407680988311768,-6.97674560546875,-1.871433138847351,no_cry
1-61534-A-27.wav,-225.97145080566406,76.78382873535156,-77.66207885742188,50.28913497924805,-31.149269104003906,45.600582122802734,-27.56258201599121,30.87712860107422,-11.88491439819336,16.75900650024414,-14.59687614440918,14.564794540405273,-2.4681639671325684,-7.028188228607178,7.109194755554199,-1.421424150466919,3.729701519012451,-9.436712265014648,9.653596878051758,-8.662275314331055,4.621652603149414,-6.109294414520264,7.915934085845947,-6.733189105987549,1.0319652557373047,no_cry
1-63679-A-24.wav,-340.0442810058594,54.11821746826172,-9.42673110961914,7.151311874389648,1.828969120979309,0.35069775581359863,-2.563620090484619,-19.52001953125,5.027829170227051,21.928884506225586,0.6117319464683533,-1.4631643295288086,-10.12939453125,-4.865772724151611,-8.923625946044922,-4.114683151245117,-10.085392951965332,1.7747141122817993,-5.534603595733643,3.943770170211792,-5.1480021476745605,-0.8278392553329468,2.896392583847046,-5.415659427642822,-6.858560562133789,no_cry
1-68628-A-27.wav,-406.5190124511719,22.69084930419922,-4.624298572540283,4.071218490600586,3.2048158645629883,12.741551399230957,11.190892219543457,7.673427104949951,-1.0561751127243042,3.8928699493408203,2.6040432453155518,9.942511558532715,2.9958465099334717,2.585148572921753,3.0570034980773926,5.851912975311279,0.6915725469589233,6.159116744995117,0.30889302492141724,2.7666189670562744,-1.461866855621338,2.5666024684906006,-1.040302038192749,1.0254465341567993,-1.7614585161209106,no_cry
1-72695-A-26.wav,-463.8739929199219,44.34862518310547,-26.1114501953125,4.200690746307373,1.7646887302398682,2.259171724319458,7.678886890411377,0.3218618333339691,7.533466815948486,18.401229858398438,-0.4578929543495178,-1.2513635158538818,3.074782371520996,10.323786735534668,3.735938549041748,6.571939468383789,1.3866442441940308,5.416862964630127,2.413060188293457,5.940029621124268,0.3469776511192322,3.5726442337036133,3.5783777236938477,1.0423060655593872,-1.7213960886001587,no_cry
1-73123-A-26.wav,-378.298095703125,62.366634368896484,-30.849699020385742,-10.775233268737793,5.658479690551758,4.143865585327148,10.75991439819336,7.16756534576416,-7.262192249298096,15.897613525390625,-4.98166561126709,-5.175054550170898,7.289533615112305,13.21149730682373,3.904897451400757,0.10388946533203125,4.740388870239258,6.8445353507995605,1.782523274421692,9.924698829650879,2.6520771980285645,2.442427158355713,4.742045879364014,4.7551445960998535,-2.3521695137023926,no_cry
1-85362-A-0.wav,-320.1224060058594,142.23365783691406,-47.69941711425781,-60.29021072387695,-36.492401123046875,-26.242164611816406,-19.147653579711914,-10.246418952941895,-19.145769119262695,3.60300350189209,12.08230209350586,9.588419914245605,4.578892230987549,11.045903205871582,2.086047649383545,-9.070587158203125,-7.378325462341309,-2.1709470748901367,-9.591484069824219,-5.132418632507324,2.9869155883789062,6.628589630126953,8.370158195495605,5.095917701721191,-3.8139123916625977,no_cry
1-85909-A-29.wav,-399.6390380859375,107.06237030029297,16.59947967529297,26.22826385498047,19.03710174560547,19.171741485595703,10.089301109313965,12.309630393981934,1.9106966257095337,8.761953353881836,1.3135147094726562,7.874831199645996,4.403407573699951,8.312456130981445,2.368607759475708,8.39556884765625,5.001177787780762,7.922916889190674,2.6411421298980713,6.693103313446045,3.706207752227783,4.394708633422852,2.731553792953491,6.830763816833496,0.4993293583393097,no_cry
1-97392-A-0.wav,-447.6054992675781,44.41022491455078,-37.72565841674805,-26.288562774658203,-10.817394256591797,-13.829326629638672,-5.982717990875244,0.4265265166759491,-3.505297899246216,-1.4532668590545654,-4.2405314445495605,-3.5420186519622803,-2.690680980682373,0.14391154050827026,-0.23314310610294342,2.3350203037261963,0.02291993796825409,1.783250331878662,-0.506738543510437,-0.3870847225189209,-3.428760051727295,-2.9885623455047607,-2.5595290660858154,0.49988266825675964,-0.8202854990959167,no_cry
3-132601-A-24.wav,-604.34912109375,19.873775482177734,4.898299217224121,5.6416015625,3.7384932041168213,3.817483901977539,2.5841894149780273,-0.09426215291023254,-3.049506187438965,2.7097227573394775,0.8200266361236572,0.15425977110862732,-0.7847233414649963,0.5252910256385803,2.1052587032318115,1.315916895866394,-1.0316506624221802,0.5947943329811096,-0.40364497900009155,0.6945980191230774,-0.35149481892585754,-0.7881786227226257,-0.91880202293396,-0.0019641804974526167,0.6923508644104004,no_cry
3-132747-A-26.wav,-309.0948486328125,32.47936248779297,-65.23068237304688,-1.9151681661605835,-7.371228218078613,13.176215171813965,14.673466682434082,0.4377536177635193,-10.588242530822754,3.211782932281494,8.046045303344727,0.7109273076057434,8.607051849365234,4.575701713562012,1.8716896772384644,-0.6494485139846802,-1.3426092863082886,6.4739990234375,2.4469316005706787,5.781939506530762,0.6773518323898315,2.4098987579345703,2.4012081623077393,2.203090190887451,6.212011337280273,no_cry
3-142604-A-24.wav,-442.7181701660156,67.67516326904297,4.277810096740723,15.491701126098633,11.603300094604492,13.048053741455078,2.826093912124634,-1.5128793716430664,-6.643329620361328,4.841675758361816,-1.5849319696426392,1.8152360916137695,4.163576602935791,9.607059478759766,5.099210262298584,4.886850833892822,1.4813809394836426,6.690959453582764,2.247542381286621,1.9590402841567993,5.059415340423584,5.761862277984619,2.8938441276550293,4.015555381774902,6.5966362953186035,no_cry
3-143119-A-21.wav,-438.3716735839844,22.428966522216797,1.9166287183761597,7.753070831298828,6.504187107086182,3.288189649581909,-3.102583169937134,-1.0376524925231934,-0.4253266155719757,0.7269721031188965,2.809541702270508,0.605012834072113,-1.326066017150879,2.4364304542541504,1.9772095680236816,-0.0038890838623046875,-1.4556810855865479,0.011957080103456974,0.35205376148223877,0.24583099782466888,0.5643239617347717,0.8472357988357544,-0.42286238074302673,0.2999710440635681,-0.26479262113571167,no_cry
3-144692-A-21.wav,-310.412841796875,36.14554214477539,-6.735490798950195,20.75039291381836,2.50410795211792,5.755065441131592,-4.088770866394043,-3.801323175430298,-8.577218055725098,-1.971210241317749,1.8678698539733887,-1.4178495407104492,-5.9042582511901855,-1.4324711561203003,-2.5256667137145996,4.435144424438477,-3.1424098014831543,-2.3709733486175537,-2.6152231693267822,1.63203763961792,-4.879909992218018,1.0387128591537476,0.8501168489456177,-1.1922889947891235,-2.774378776550293,no_cry
3-145487-A-24.wav,-499.44488525390625,21.227230072021484,1.1637057065963745,1.1339126825332642,2.708320379257202,-0.4264690577983856,2.0166733264923096,3.8511199951171875,-3.7392828464508057,-0.7241337895393372,0.6369860172271729,1.414009928703308,0.534934937953949,-1.001139521598816,-1.2361477613449097,1.1998718976974487,-0.6459813117980957,0.7675139904022217,1.072616696357727,0.20367194712162018,-0.9172874689102173,0.4011906087398529,0.4068959951400757,0.4413655698299408,-0.7605084776878357,no_cry
3-148330-A-21.wav,-489.18084716796875,18.557632446289062,-5.148101806640625,1.6852638721466064,1.819517731666565,-0.10281237214803696,-5.2891693115234375,-2.732089042663574,1.5059853792190552,1.8486164808273315,-0.3924466669559479,0.27823784947395325,0.08767629414796829,1.5346657037734985,0.5182257890701294,0.28542229533195496,-0.45066606998443604,1.299540638923645,-0.40160515904426575,-0.27713918685913086,-0.7287440896034241,0.7171019911766052,-0.6167224049568176,1.1947157382965088,-0.31886160373687744,no_cry
3-149042-A-24.wav,-607.6809692382812,10.958405494689941,-1.6879922151565552,1.2154747247695923,-1.404118299484253,-0.7274401187896729,-0.30921828746795654,-0.2793737053871155,-2.0942628383636475,0.2990449368953705,-1.9196500778198242,0.13015858829021454,0.9736644625663757,-0.44356024265289307,0.32444432377815247,0.6322827935218811,-0.88934326171875,-0.8164179921150208,-0.06523629277944565,0.47562459111213684,-0.8524899482727051,-0.16964386403560638,-0.34838518500328064,0.17344337701797485,-0.7126621603965759,no_cry
3-149465-A-22.wav,-154.16529846191406,100.56375885009766,-62.650245666503906,-27.613367080688477,-26.120840072631836,-6.001080513000488,-13.313121795654297,-8.675540924072266,-13.051240921020508,-4.961216449737549,-16.512096405029297,-3.0372328758239746,-9.557366371154785,-3.6172471046447754,-10.337542533874512,-0.12183400988578796,-4.0643181800842285,1.1443638801574707,-5.20460844039917,-1.9375542402267456,-4.529661178588867,3.093104362487793,-4.999162673950195,0.7192832231521606,-4.889157772064209,no_cry
3-151255-A-28.wav,-400.6189270019531,32.049617767333984,4.255465984344482,33.00918960571289,6.583407878875732,16.651247024536133,23.022499084472656,18.30556869506836,11.444727897644043,-0.08433730155229568,20.80270004272461,5.49782133102417,-16.906251907348633,13.654362678527832,-0.9817569851875305,3.3508198261260986,6.612044811248779,2.0279018878936768,-6.5602641105651855,4.496032238006592,-0.23089919984340668,-1.3569611310958862,1.9326032400131226,-1.2676950693130493,2.7046360969543457,no_cry
3-169907-A-29.wav,-350.383544921875,69.88975524902344,0.3695371448993683,31.73118019104004,0.24172146618366241,-1.1476807594299316,-15.463531494140625,2.207153797149658,5.063467979431152,3.60231876373291,-0.8698834776878357,1.9748473167419434,-11.769450187683105,5.064350128173828,-6.638326644897461,2.836848020553589,0.9083333611488342,2.1428613662719727,0.5516880750656128,-1.7949777841567993,1.1632777452468872,5.735896587371826,-2.457698106765747,6.039932727813721,1.0722016096115112,no_cry
3-177083-A-22.wav,-258.61798095703125,87.84832763671875,-46.05593490600586,-3.291354179382324,-5.816730499267578,-5.495545387268066,-14.397626876831055,0.8430102467536926,0.5840296149253845,-1.4639338254928589,-6.7956929206848145,0.29354044795036316,-6.920444011688232,-1.6606409549713135,-3.941549777984619,2.6175663471221924,-2.684600830078125,0.26261210441589355,-2.822279214859009,2.6580708026885986,-2.527157783508301,1.371446967124939,-3.6082074642181396,1.098698616027832,-3.133270263671875,no_cry
3-182023-A-30.wav,-391.7662048339844,53.261470794677734,29.36319923400879,16.832584381103516,10.759187698364258,11.833113670349121,8.203866958618164,6.265958786010742,2.159935474395752,3.7610886096954346,3.3046603202819824,5.519704341888428,3.881927967071533,4.385540008544922,2.039492607116699,3.986443519592285,3.1898748874664307,4.508530139923096,2.239351272583008,3.5411829948425293,2.859384536743164,4.212106704711914,2.7002484798431396,4.201651573181152,3.0434176921844482,no_cry
3-197435-B-22.wav,-491.4766845703125,35.14006805419922,-43.47960662841797,-15.25816535949707,-11.182917594909668,-4.869513511657715,-7.640354633331299,-1.4379806518554688,-6.118157386779785,-0.7634322643280029,2.0165107250213623,2.3530242443084717,-2.870387315750122,0.8734225034713745,1.4687947034835815,2.9670605659484863,-2.13966965675354,-0.7573941349983215,-0.6063823699951172,0.8484199047088623,-0.6468034386634827,2.8048579692840576,0.36159974336624146,1.5126076936721802,0.7826237678527832,no_cry
4-133674-A-26.wav,-250.98448181152344,170.35153198242188,-72.63473510742188,-47.86690139770508,-9.548504829406738,1.0986469984054565,-17.021451950073242,0.8521078824996948,0.9905452132225037,23.461145401000977,7.548983573913574,-11.150797843933105,-2.924757719039917,-2.8382670879364014,1.2697137594223022,6.764609336853027,5.884720802307129,5.145488739013672,3.794276237487793,6.058177947998047,2.8362247943878174,6.018421173095703,5.082249164581299,3.5057127475738525,0.61318039894104,no_cry
4-154405-A-27.wav,-275.9815368652344,31.360546112060547,-23.635372161865234,13.663897514343262,2.4126622676849365,14.978936195373535,24.504478454589844,12.685065269470215,2.36175274848938,10.53958511352539,4.447032928466797,6.1745991706848145,6.064975261688232,9.7520751953125,-1.8053001165390015,7.810372829437256,1.7064929008483887,6.997403144836426,-0.04668030887842178,7.45057487487793,1.0458495616912842,4.826442241668701,-0.4321977198123932,2.452484607696533,1.7879672050476074,no_cry
4-155650-A-24.wav,-360.0885009765625,98.88326263427734,11.986090660095215,3.4703176021575928,-21.390609741210938,3.4266490936279297,-5.358901500701904,-1.9023747444152832,-6.279877662658691,-9.528666496276855,-2.6054203510284424,-1.035903811454773,-0.7947706580162048,-0.29316428303718567,0.2821956276893616,1.8403948545455933,-8.737349510192871,-1.2475308179855347,-0.6051175594329834,-1.886314868927002,-1.274744987487793,1.4319466352462769,-4.199106216430664,-0.41349905729293823,-3.273587942123413,no_cry
4-157296-A-24.wav,-290.8220520019531,64.88640594482422,-11.503637313842773,28.69351577758789,24.858787536621094,-0.8384395837783813,6.812267303466797,5.544958114624023,-17.00672721862793,6.197399616241455,-0.8382282853126526,-6.445006370544434,2.5804319381713867,4.64786434173584,-2.515394926071167,1.3049399852752686,-3.0559656620025635,1.7109167575836182,-5.654069900512695,7.186262130737305,-4.456298351287842,0.557762086391449,-2.702315092086792,2.800178289413452,0.09024523198604584,no_cry
4-158653-A-32.wav,-420.16497802734375,48.13734817504883,-41.726951599121094,22.650224685668945,2.6657283306121826,3.9555511474609375,18.056703567504883,11.570952415466309,-3.488589286804199,8.042428970336914,1.8016518354415894,6.228359699249268,-0.8123471140861511,6.568262100219727,5.117013454437256,10.507254600524902,2.288464069366455,2.9854342937469482,-4.050835132598877,1.9824494123458862,-2.301013946533203,0.9125961661338806,-2.386014938354492,0.20625898241996765,-3.5825936794281006,no_cry
4-167571-A-26.wav,-400.17303466796875,58.44448471069336,-21.020132064819336,2.1401805877685547,-10.830419540405273,-14.494759559631348,-5.208042621612549,16.505966186523438,-14.847025871276855,-9.905348777770996,11.276914596557617,-1.0685904026031494,5.108348846435547,-4.215756893157959,-1.8524914979934692,-7.579665184020996,-7.7556233406066895,1.3008882999420166,0.6930488348007202,0.5455330610275269,-2.7903261184692383,4.121152877807617,-4.678046703338623,3.331528902053833,-1.4896761178970337,no_cry
4-172500-B-27.wav,-271.3228454589844,45.79753494262695,-27.15755844116211,12.379539489746094,19.047182083129883,19.702070236206055,19.101943969726562,18.02770233154297,0.13215601444244385,13.55562973022461,5.171655178070068,9.919893264770508,4.679750442504883,6.774157524108887,8.201780319213867,9.360869407653809,-1.250885009765625,4.5929341316223145,3.424128293991089,11.350957870483398,-2.3836429119110107,8.481858253479004,-1.142764687538147,1.412602186203003,1.5480204820632935,no_cry
4-177835-A-24.wav,-532.6718139648438,19.197214126586914,-3.407953977584839,0.5336540937423706,-2.836373805999756,-1.2749724388122559,-1.473158359527588,-1.942456841468811,-3.856776475906372,-0.03212660178542137,-0.14250428974628448,0.01542652491480112,-3.0578720569610596,0.5324671268463135,0.18206444382667542,-0.024143660441040993,-2.045119524002075,-0.75626540184021,-0.44514191150665283,-0.579834520816803,-1.3758013248443604,1.2326180934906006,-1.0241758823394775,0.6416023969650269,1.1363247632980347,no_cry
4-182395-A-0.wav,-563.4596557617188,24.74469757080078,10.58946418762207,-1.1347475051879883,-3.220250368118286,1.269195318222046,-2.173738718032837,-1.7853049039840698,-2.514843463897705,-1.114935040473938,1.1841986179351807,1.1919183731079102,-0.876932680606842,-0.8815503716468811,-0.41261640191078186,-0.9700003266334534,-0.5737375617027283,-0.9675366282463074,-1.5156153440475464,0.9132969975471497,2.0698368549346924,1.4316610097885132,-0.6610020399093628,-1.1534029245376587,-1.042178750038147,no_cry
4-184237-A-28.wav,-392.7429504394531,85.48326110839844,27.525375366210938,27.240522384643555,2.595552682876587,24.427820205688477,0.9089000821113586,23.414344787597656,11.249378204345703,7.255185127258301,1.9635319709777832,8.813658714294434,2.8434581756591797,-2.781606674194336,-0.0401831716299057,5.819768905639648,-3.1239240169525146,1.6911208629608154,-3.6291472911834717,5.63468074798584,-0.1642846316099167,2.235487222671509,2.4612200260162354,1.5188028812408447,5.380594730377197,no_cry
4-188191-A-29.wav,-459.0504455566406,70.08815002441406,-10.059798240661621,5.236220359802246,-8.671058654785156,-16.95468521118164,-23.503929138183594,-7.000325679779053,-19.587478637695312,-4.209347248077393,-1.1116551160812378,1.153734803199768,-5.201180934906006,-2.526850938796997,-6.921863555908203,-4.73198127746582,-8.703704833984375,-7.980565547943115,-7.945801734924316,-2.539764881134033,-7.489197731018066,-3.0074586868286133,-3.4231374263763428,-4.068196773529053,-3.238435745239258,no_cry
4-189332-A-37.wav,-415.9029235839844,-24.19908332824707,-26.63335418701172,25.28301239013672,41.90242004394531,25.324281692504883,-17.34166145324707,15.84891414642334,17.472610473632812,8.196610450744629,-10.17953109741211,10.29871940612793,17.720521926879883,-6.99647331237793,1.6489232778549194,4.096712112426758,11.579776763916016,-1.8919808864593506,-3.035407543182373,7.509619235992432,10.055286407470703,-6.941898345947266,6.016390800476074,-1.0563064813613892,10.43846321105957,no_cry
4-189828-A-22.wav,-50.21819305419922,78.76802825927734,-71.97181701660156,-12.656266212463379,-13.30845832824707,-0.23139327764511108,-21.955917358398438,-0.6534340977668762,-6.01096773147583,-4.65099573135376,-9.181045532226562,-0.020046694204211235,-9.791797637939453,-1.5425751209259033,-6.169305801391602,-0.30470508337020874,-6.626684188842773,1.2983359098434448,-3.712827444076538,2.7912206649780273,-3.646275281906128,1.504382610321045,-3.7059788703918457,2.17073917388916,-3.294478178024292,no_cry
4-191297-A-28.wav,-293.2621154785156,139.84365844726562,2.5008180141448975,51.21512222290039,1.0762859582901,24.616029739379883,-13.71092414855957,-18.19873046875,25.129724502563477,12.91659927368164,8.53093147277832,14.630497932434082,21.958383560180664,6.401684761047363,3.775110960006714,5.309981346130371,-2.0750720500946045,8.555010795593262,-6.701878070831299,5.362728118896484,7.2689642906188965,-1.0202747583389282,5.066736698150635,-0.7939866185188293,4.038766860961914,no_cry
4-194979-A-25.wav,-228.56622314453125,64.86022186279297,-21.82127571105957,-3.6901562213897705,-16.32664680480957,-1.2388719320297241,-7.749014377593994,2.3605289459228516,-5.718718528747559,2.4609131813049316,-5.001827716827393,0.9378666281700134,-6.193160057067871,0.6697291731834412,-5.5793585777282715,0.20684775710105896,-4.612069129943848,1.8799026012420654,-3.155245065689087,2.24869441986084,-3.149545669555664,2.7615091800689697,-2.4329113960266113,2.2937846183776855,-2.9913041591644287,no_cry
4-197454-A-28.wav,-334.09759521484375,108.00443267822266,21.027660369873047,17.00496482849121,-9.392997741699219,4.431519031524658,-3.7769415378570557,28.16230010986328,6.219927787780762,7.763251304626465,1.9672120809555054,14.501665115356445,-5.824143409729004,6.287862300872803,11.58719253540039,1.256294846534729,-7.415851593017578,6.310079574584961,-5.4958577156066895,-5.603005409240723,-3.2077224254608154,-2.503070592880249,-3.2299041748046875,-4.4427313804626465,-2.1011154651641846,no_cry
4-205526-B-23.wav,-175.0801544189453,76.89127349853516,-43.58946228027344,-26.808382034301758,-28.425487518310547,8.001179695129395,-5.318462371826172,-5.664575576782227,-15.357316017150879,-0.034424394369125366,-9.359184265136719,3.551039457321167,-12.49091911315918,3.368861436843872,1.108007550239563,-2.0674197673797607,-8.066657066345215,7.50684928894043,-5.505667209625244,1.3461183309555054,-0.6514827609062195,0.6649622917175293,-4.311319351196289,6.3551859855651855,-4.66067361831665,no_cry
4-205738-A-22.wav,94.81141662597656,31.015470504760742,-69.4950942993164,-18.26849365234375,-4.8949971199035645,-3.6042261123657227,-17.120681762695312,2.1359407901763916,-6.784186840057373,-1.2506510019302368,-7.129903316497803,1.3282732963562012,-5.611012935638428,2.4510250091552734,-1.9587206840515137,0.8445686101913452,-4.623663902282715,3.7581846714019775,-3.9070017337799072,1.2437790632247925,-4.523375511169434,3.8363375663757324,-0.4192456007003784,4.449110984802246,0.5207796692848206,no_cry
4-210000-A-23.wav,-489.5415954589844,65.05177307128906,-52.66535568237305,-27.97159767150879,-33.51486587524414,-10.66348934173584,-15.547770500183105,-10.717967987060547,-1.2221975326538086,-4.920477867126465,-7.340692520141602,2.5535800457000732,-14.219388961791992,-4.219390392303467,-6.579947471618652,6.132518291473389,-8.124415397644043,-0.9202724099159241,-0.6100353598594666,1.0975598096847534,-10.70334529876709,7.89385986328125,-2.6421756744384766,1.4312254190444946,0.873384952545166,no_cry
4-210000-B-23.wav,-468.8284606933594,59.52709197998047,-55.84972381591797,-28.797616958618164,-34.00891876220703,-11.034273147583008,-18.380910873413086,-9.144795417785645,-3.026357412338257,-3.156301498413086,-8.710712432861328,1.3332377672195435,-12.156360626220703,-5.120395183563232,-4.247357368469238,3.536855697631836,-6.964967727661133,-3.680467128753662,1.8567686080932617,-0.8065117597579956,-9.36717414855957,6.224673271179199,-3.8023970127105713,4.123554229736328,-1.9329137802124023,no_cry
4-218199-D-35.wav,-86.98164367675781,122.07418060302734,18.530532836914062,3.5332672595977783,-1.022045612335205,19.58036231994629,-10.229172706604004,18.58066749572754,5.960809707641602,-4.776342868804932,20.35419464111328,6.57598352432251,1.974302887916565,17.48891258239746,-11.738133430480957,9.365437507629395,-7.536953449249268,4.044497966766357,2.890868902206421,-9.733758926391602,18.6223201751709,-4.164753437042236,-0.5870711803436279,2.7687559127807617,-2.632505178451538,no_cry
4-218199-E-35.wav,-239.96986389160156,117.10865020751953,-11.719525337219238,-1.3831145763397217,-10.079809188842773,-5.4035468101501465,4.114327907562256,10.247904777526855,9.8304443359375,5.775166988372803,-9.58986759185791,-4.416265487670898,-10.601378440856934,-4.4159674644470215,-1.5970244407653809,5.01270055770874,1.5355645418167114,0.22182585299015045,-10.901873588562012,-3.7646243572235107,-12.265771865844727,1.617113471031189,-6.034683704376221,0.821876049041748,-3.813216209411621,no_cry
5-156698-A-18.wav,-171.8574981689453,26.7388916015625,-14.06753921508789,-17.631099700927734,-21.179443359375,-22.67443084716797,-16.69051742553711,-12.705571174621582,-20.85820198059082,-10.734405517578125,-19.026620864868164,-19.537736892700195,-19.05698013305664,-6.190142631530762,-10.304872512817383,-3.5940115451812744,-2.7689149379730225,3.6195852756500244,-2.289830207824707,-0.29645836353302,-2.8532943725585938,0.536938488483429,-1.7947856187820435,3.374631643295288,-5.672267436981201,no_cry
5-171118-A-26.wav,-409.3970642089844,85.58230590820312,-10.071051597595215,10.306838035583496,-3.1545939445495605,4.4255757331848145,-5.200967788696289,-6.483286380767822,-2.5714941024780273,3.937285900115967,-7.171133518218994,-4.367865562438965,-7.499068737030029,2.7221527099609375,-7.943014621734619,-5.256512641906738,-5.787282466888428,1.142924427986145,-2.725308418273926,-3.4126429557800293,-3.0111067295074463,-0.16244202852249146,-4.826010227203369,-0.39364075660705566,-4.23331880569458,no_cry
5-184871-A-24.wav,-304.0517272949219,49.93378829956055,-2.201051950454712,-9.878823280334473,-5.745174884796143,7.87297248840332,-6.159758567810059,-8.604198455810547,-8.488835334777832,-10.26183032989502,-6.771758556365967,1.309828281402588,-8.42805004119873,-4.492712020874023,-1.7544584274291992,-0.31635862588882446,-7.47886323928833,-1.739932894706726,-1.232036828994751,-3.183814525604248,-3.1041951179504395,-1.886801838874817,-3.286684989929199,-0.1691301167011261,-2.7637741565704346,no_cry
5-195710-A-10.wav,-152.38259887695312,68.11634826660156,-2.1545960903167725,16.473081588745117,10.697968482971191,11.324231147766113,-1.1478192806243896,7.319875717163086,-1.8049372434616089,6.024372100830078,-2.548689842224121,7.055692672729492,-4.217683792114258,4.973446369171143,-4.103984832763672,4.919620037078857,-4.422318935394287,4.151937961578369,-3.518754243850708,2.710325241088867,-1.877246379852295,2.215449094772339,-0.8085899353027344,1.7134757041931152,0.11709040403366089,no_cry
5-203128-B-0.wav,-281.0135192871094,101.70955657958984,-42.25846862792969,-42.392208099365234,-20.301401138305664,-14.664610862731934,-9.584049224853516,-3.5587148666381836,-10.442163467407227,11.194189071655273,-3.2267439365386963,15.698022842407227,13.491405487060547,11.710797309875488,-10.625307083129883,-13.641814231872559,1.6361565589904785,3.801143169403076,-4.378032207489014,0.5883738398551941,4.142333030700684,3.5275120735168457,7.970154762268066,0.3655514121055603,2.2107574939727783,no_cry
5-204604-A-24.wav,-402.1970520019531,16.518436431884766,-3.8561837673187256,5.952952861785889,2.4137752056121826,5.488826751708984,-1.9336999654769897,2.7735867500305176,-0.7127147316932678,-0.46314483880996704,-3.600796699523926,-1.7079272270202637,0.6842429637908936,-0.9658550024032593,0.5578351616859436,-0.8432145118713379,-0.8073124289512634,-1.3554563522338867,0.28037843108177185,1.1724209785461426,-1.5396989583969116,-1.2955502271652222,-2.1309432983398438,1.0718005895614624,-0.37367069721221924,no_cry
5-207836-A-29.wav,-321.5309143066406,60.907562255859375,-20.749067306518555,22.406925201416016,7.740463733673096,18.72968101501465,4.225987911224365,0.4030459225177765,-5.099257469177246,-2.8346893787384033,0.11839478462934494,2.3968794345855713,-8.466686248779297,0.8126965165138245,-2.6534993648529053,7.726246356964111,-0.011323822662234306,2.9853155612945557,-0.9368053078651428,5.123443603515625,-1.2046715021133423,4.681342601776123,-3.589491128921509,3.5762312412261963,-3.266972303390503,no_cry
5-208030-A-0.wav,-182.6434783935547,52.921844482421875,-92.09182739257812,-22.519487380981445,-3.79794979095459,6.308758735656738,-3.2851171493530273,-1.621717929840088,-8.29227352142334,-4.984348773956299,-7.916745662689209,-2.3077476024627686,-7.522997856140137,-1.8925702571868896,-6.153995513916016,1.1036412715911865,-0.8812846541404724,1.7077513933181763,-2.9258859157562256,1.5773777961730957,0.9856389164924622,2.8232691287994385,-2.8350491523742676,1.1596801280975342,-0.11121552437543869,no_cry
5-208761-A-24.wav,-401.6745300292969,81.705078125,16.527681350708008,8.175881385803223,3.314547538757324,11.240275382995605,-6.831655979156494,-4.588857650756836,-21.300676345825195,5.601120948791504,-1.5641980171203613,-11.226176261901855,-9.965335845947266,5.873981952667236,-1.196385383605957,-2.1104512214660645,-3.6961703300476074,-0.05635932460427284,-5.075466632843018,-0.9464107155799866,-5.60198974609375,1.6873868703842163,-3.4193115234375,4.9264912605285645,1.0741592645645142,no_cry
5-209989-A-22.wav,-394.8204650878906,72.9666748046875,-27.218215942382812,-4.929965019226074,-10.398053169250488,8.684818267822266,-4.588269233703613,7.225617408752441,-2.374443531036377,10.078771591186523,-0.8544978499412537,6.653695106506348,-1.7893412113189697,4.739229202270508,-2.1408865451812744,4.74327278137207,-1.6350642442703247,5.892290115356445,-1.9981887340545654,5.521602630615234,-0.8175480961799622,3.0291504859924316,-2.4405767917633057,3.671618938446045,-1.8884905576705933,no_cry
5-213293-A-23.wav,-415.0106201171875,94.37963104248047,-33.145381927490234,14.583362579345703,1.7162877321243286,14.719962120056152,-0.6785076260566711,-5.944741249084473,18.15974998474121,16.401142120361328,-19.071773529052734,6.698953151702881,1.4506193399429321,16.09320831298828,-5.520962238311768,-3.423593759536743,-9.210068702697754,6.51694917678833,-2.0432469844818115,4.973289966583252,-5.111135482788086,12.77914047241211,2.1036946773529053,-0.9174637794494629,2.641995429992676,no_cry
5-217186-A-16.wav,-222.61386108398438,184.82574462890625,3.2474477291107178,11.648614883422852,1.3553904294967651,17.693208694458008,-1.9942606687545776,1.8937606811523438,0.4984757900238037,3.3138301372528076,-5.7505669593811035,3.8093230724334717,-0.9679049849510193,4.595824718475342,-3.2359695434570312,1.4075605869293213,-2.7952122688293457,2.7797272205352783,-2.3624446392059326,0.029072197154164314,-3.524416208267212,0.9961910247802734,-2.5828440189361572,2.346889019012451,-3.9656121730804443,no_cry
5-218494-A-22.wav,-438.9720153808594,45.582637786865234,-18.99296760559082,-8.620428085327148,-6.790984153747559,2.1482555866241455,-10.587273597717285,-2.7073988914489746,-0.8529244661331177,-1.9423428773880005,-3.8485500812530518,-0.6698158383369446,-1.3352590799331665,-0.3597114384174347,-3.534202814102173,0.43395861983299255,-1.157853364944458,0.37902721762657166,-1.476789116859436,1.4089258909225464,-0.9224754571914673,0.6181451082229614,-1.5114455223083496,1.605896234512329,-0.6498726606369019,no_cry
5-221567-A-22.wav,-100.37683868408203,74.89777374267578,-26.73238182067871,14.564085960388184,-9.492368698120117,21.224803924560547,-22.39950942993164,8.990065574645996,-7.340429782867432,5.587079048156738,-2.242997884750366,2.0474793910980225,-3.4095606803894043,3.152585029602051,-0.23939281702041626,4.539992809295654,-0.5948582291603088,5.4081501960754395,0.14302635192871094,2.4051311016082764,-4.889004230499268,1.3814109563827515,-0.7095783352851868,3.6551568508148193,-2.565605401992798,no_cry
5-221568-A-22.wav,-130.9474334716797,81.75713348388672,-20.74712371826172,17.504467010498047,-4.352000713348389,27.557029724121094,-23.98322296142578,8.081317901611328,-12.734099388122559,4.338268280029297,-0.768264651298523,6.78851842880249,-1.0392125844955444,2.4745850563049316,-1.0683804750442505,5.7209858894348145,0.3026508092880249,4.698002338409424,-2.1377899646759033,4.457404136657715,-1.6303322315216064,3.6136837005615234,-1.1794542074203491,2.864436388015747,-2.0837857723236084,no_cry
5-221593-A-21.wav,-458.4422607421875,11.827698707580566,-5.994646072387695,0.23464524745941162,0.6505823731422424,-1.8438783884048462,-3.6661410331726074,-0.16658169031143188,0.19853605329990387,2.786480188369751,1.6658133268356323,1.9192804098129272,-2.286041498184204,-3.434546947479248,-3.0198566913604736,-2.420348644256592,-1.8460431098937988,-2.0540919303894043,-1.2137900590896606,1.9873197078704834,0.5115472078323364,-1.1288049221038818,-1.9370213747024536,-0.6900086998939514,-1.2535818815231323,no_cry
5-221950-A-22.wav,-436.9390869140625,96.53573608398438,-26.463638305664062,6.178432941436768,17.552072525024414,12.933114051818848,3.9867045879364014,9.501886367797852,7.111185550689697,10.54025650024414,5.454883575439453,7.237924098968506,4.59551477432251,7.602603435516357,3.7751073837280273,5.352634906768799,3.3504178524017334,5.700732231140137,2.7537317276000977,4.406030178070068,2.766763925552368,4.6542205810546875,3.162764549255371,5.886839866638184,2.680159330368042,no_cry
5-231762-A-0.wav,-432.6579284667969,43.61330032348633,1.5019174814224243,-11.7161865234375,-12.506512641906738,-7.293193817138672,-10.651378631591797,-5.32994270324707,-1.904826045036316,-3.7606115341186523,-2.587001085281372,-1.45464026927948,4.107248306274414,4.6869964599609375,-0.785499632358551,0.7354965209960938,1.5831632614135742,2.827934741973877,1.2198946475982666,1.5343077182769775,2.8414621353149414,0.38716110587120056,-1.855916142463684,-1.9318476915359497,-1.0738075971603394,no_cry
5-234335-A-23.wav,-461.63714599609375,65.33638000488281,-31.772565841674805,15.80699348449707,-2.3939807415008545,14.776175498962402,2.9021968841552734,5.6400275230407715,3.1682703495025635,14.477559089660645,2.249696969985962,2.0357513427734375,-3.6921560764312744,3.876276969909668,9.539636611938477,9.558387756347656,-6.9482502937316895,0.846188485622406,-2.214778184890747,3.098785877227783,5.434643745422363,6.047260284423828,-0.6275418400764465,7.741860389709473,-5.463010311126709,no_cry
5-242932-A-26.wav,-289.64483642578125,118.80854034423828,-10.893187522888184,6.430065631866455,-15.807271003723145,-7.110968112945557,-21.239412307739258,-5.463918685913086,20.16545867919922,0.557526171207428,0.7995948791503906,-4.940418243408203,6.969196796417236,-1.906021237373352,1.3301043510437012,10.623998641967773,8.82614803314209,4.24683952331543,0.7306767106056213,2.0571916103363037,1.4822349548339844,-5.777591705322266,-1.9989349842071533,2.493507146835327,-0.5203597545623779,no_cry
5-242932-B-26.wav,-255.54933166503906,122.47605895996094,-26.264915466308594,14.394879341125488,-17.941139221191406,-9.848949432373047,-23.091800689697266,0.04650907218456268,9.364189147949219,-10.606725692749023,3.027815341949463,-7.339556694030762,9.304574012756348,-1.5295989513397217,-0.43071606755256653,15.428064346313477,5.299705982208252,-6.491664886474609,10.566747665405273,2.5213544368743896,-0.7731395363807678,2.5002171993255615,-0.37257423996925354,4.292234897613525,-1.8189501762390137,no_cry
5-249748-A-28.wav,-466.87994384765625,88.65069580078125,37.302154541015625,16.616365432739258,-9.151497840881348,14.673749923706055,1.7460907697677612,11.380223274230957,-2.3611066341400146,0.9778305292129517,-5.42322301864624,0.28015828132629395,0.12300915271043777,6.3792266845703125,1.2684636116027832,11.744772911071777,4.467808246612549,9.069876670837402,6.579957008361816,7.824901580810547,2.090789556503296,5.35147762298584,0.9953939914703369,3.357633352279663,-0.07383975386619568,no_cry
5-249937-A-22.wav,-42.82857131958008,66.00460815429688,-52.047603607177734,-13.744514465332031,-14.479561805725098,0.7556796073913574,-15.924296379089355,-3.8708126544952393,-6.598839282989502,-8.620352745056152,-10.589055061340332,-3.3314242362976074,-8.858183860778809,0.010074774734675884,-5.802896022796631,-0.04425748065114021,-6.724035739898682,-2.1226937770843506,-7.570591449737549,-2.4696218967437744,-6.924551486968994,-2.909454107284546,-5.720986843109131,0.5369205474853516,-6.123355865478516,no_cry
5-259640-A-29.wav,-604.949951171875,29.293725967407227,1.9131505489349365,5.721529960632324,-2.9586241245269775,-0.4364639222621918,-5.991400718688965,-4.125635623931885,-3.8994762897491455,2.225609302520752,-3.7426748275756836,-1.3177504539489746,-2.4212405681610107,-1.3454251289367676,-5.828213214874268,-2.0664868354797363,-3.304123878479004,-3.1643452644348145,-3.322047710418701,-0.5002793669700623,-4.0353803634643555,-1.094817042350769,-2.2216029167175293,-1.3799612522125244,-2.188030481338501,no_cry
5-263775-B-26.wav,-200.3097381591797,50.99431228637695,-61.29315948486328,-15.37319564819336,-22.281118392944336,10.568160057067871,-21.508052825927734,-2.7771012783050537,-0.29091164469718933,-3.296109199523926,11.315553665161133,11.99913501739502,-1.6651620864868164,-1.985426902770996,0.22226941585540771,9.735408782958984,-3.2323591709136963,3.431339979171753,3.7766261100769043,5.99130916595459,-2.9540233612060547,8.684048652648926,5.384746074676514,2.886451482772827,1.0395232439041138,no_cry
5-51149-A-25.wav,-288.2717590332031,83.5675277709961,9.026799201965332,19.918073654174805,6.492478370666504,9.454263687133789,0.654425859451294,6.8404669761657715,2.2564821243286133,5.960506916046143,1.2905302047729492,4.737399578094482,0.027363529428839684,1.9185748100280762,-1.0092610120773315,1.726293921470642,-0.5196800231933594,-0.7608708739280701,-2.3123269081115723,0.5439928770065308,-1.945695400238037,-0.3790622353553772,-1.7251986265182495,-0.6616812348365784,-1.8451334238052368,no_cry
no_cry_0.wav,-295.8095397949219,67.56564331054688,18.317432403564453,-14.695830345153809,-16.74162483215332,16.698150634765625,-5.335994720458984,8.083666801452637,-1.104894757270813,16.056339263916016,9.895447731018066,14.290719985961914,-3.5693953037261963,13.188834190368652,-0.5469061136245728,9.826017379760742,-0.6533693075180054,10.312498092651367,-1.1485035419464111,9.453852653503418,4.073024749755859,13.016472816467285,-0.08048278838396072,4.700878143310547,1.5382335186004639,no_cry
no_cry_1.wav,-116.22467041015625,7.77376651763916,-22.283262252807617,-18.791948318481445,-14.442708969116211,-2.22064208984375,-14.917038917541504,7.95905876159668,-0.32543328404426575,8.490331649780273,13.989936828613281,15.522953987121582,-2.7986390590667725,13.8806734085083,-3.288755416870117,14.724114418029785,-9.603311538696289,7.183326244354248,-5.5907816886901855,4.892794132232666,0.8984991312026978,10.806412696838379,3.567965269088745,9.328060150146484,9.493010520935059,no_cry
no_cry_2.wav,-99.8584976196289,-0.9236195683479309,-16.452362060546875,-17.08320426940918,-17.762361526489258,-0.8241603970527649,-14.314102172851562,12.67056941986084,0.06786493211984634,7.509957790374756,11.61721134185791,13.716730117797852,-1.2944557666778564,14.538732528686523,-9.87979507446289,14.749825477600098,-10.113950729370117,8.325336456298828,-3.102116346359253,2.9083123207092285,-2.3589205741882324,10.482001304626465,1.1473126411437988,11.551057815551758,11.68997859954834,no_cry
no_cry_3.wav,-88.71783447265625,0.45964282751083374,-26.832109451293945,-12.064764976501465,-28.768735885620117,4.788367748260498,-17.39053726196289,8.670531272888184,8.547093391418457,7.644485950469971,9.045610427856445,13.164366722106934,0.6908682584762573,9.288308143615723,-2.4609694480895996,12.521514892578125,-4.348457336425781,12.957572937011719,3.518176317214966,12.777339935302734,2.3860301971435547,10.672158241271973,-5.432367324829102,5.477495193481445,-1.8743643760681152,no_cry
no_cry_4.wav,-432.0647277832031,118.25677490234375,21.587570190429688,9.761215209960938,12.648577690124512,23.67328453063965,15.541524887084961,15.264969825744629,5.42864465713501,10.381085395812988,3.0894052982330322,5.089456558227539,-2.5237603187561035,4.1660075187683105,1.9233014583587646,8.726646423339844,2.08943510055542,6.962947368621826,1.5464545488357544,6.090597629547119,-0.32051557302474976,4.197944641113281,-0.3355693817138672,4.350539207458496,-0.8160902857780457,no_cry
no_cry_5.wav,-434.4917297363281,113.05046844482422,16.902605056762695,5.991672515869141,10.023652076721191,21.820837020874023,13.35587215423584,14.05712890625,4.103652477264404,9.47099781036377,2.1241729259490967,4.098113059997559,-3.103116989135742,3.5685231685638428,1.6820939779281616,8.456076622009277,2.4431135654449463,7.702519416809082,2.668834924697876,7.79278039932251,1.5663248300552368,5.446202754974365,-0.09478888660669327,4.92275857925415,-0.01921713352203369,no_cry
no_cry_6.wav,-422.0669860839844,114.79293060302734,10.771566390991211,0.007950839586555958,11.268760681152344,21.90299415588379,9.986074447631836,15.391868591308594,4.668158054351807,9.204702377319336,2.957720994949341,4.058185577392578,-2.0109472274780273,2.5519168376922607,1.8429763317108154,8.408427238464355,3.656977653503418,8.845593452453613,2.6891212463378906,8.234153747558594,1.7320088148117065,5.047120571136475,0.1858901083469391,5.0172119140625,1.8813520669937134,no_cry
no_cry_7.wav,-430.7025146484375,117.49432373046875,14.052556991577148,2.9344632625579834,12.22575855255127,22.485408782958984,11.309884071350098,14.615612983703613,5.750253677368164,8.78521728515625,1.4675849676132202,4.144469738006592,-3.7574660778045654,3.903353452682495,0.900392472743988,8.19362735748291,2.5378239154815674,7.778973579406738,1.6175564527511597,6.532941818237305,1.0891528129577637,5.247033596038818,-0.6799355149269104,4.683642864227295,-0.3233572840690613,no_cry
