filename,chroma_stft,rmse,spectral_centroid,spectral_bandwidth,rolloff,zero_crossing_rate,mfcc1,mfcc2,mfcc3,mfcc4,mfcc5,mfcc6,mfcc7,mfcc8,mfcc9,mfcc10,mfcc11,mfcc12,mfcc13,mfcc14,mfcc15,mfcc16,mfcc17,mfcc18,mfcc19,mfcc20,label
1-187207-A-20.wav,0.3316083550453186,0.11862516403198242,1472.9579752873994,1616.5462548034577,2735.5143229166665,0.07207799840856481,-283.16461181640625,102.49002838134766,-8.504624366760254,8.035289764404297,-19.809656143188477,3.051079034805298,2.37923002243042,-7.019489288330078,6.673357009887695,8.143366813659668,1.0132027864456177,-2.902097702026367,-4.647757530212402,-1.8443320989608765,4.447972774505615,9.988543510437012,11.9639892578125,5.568209648132324,-3.4190266132354736,-6.611103534698486,cry
1-211527-A-20.wav,0.3117256760597229,0.05396442115306854,3185.9153114970627,2129.0291767892604,5295.0246175130205,0.20205123336226852,-298.9625549316406,4.471973419189453,-45.02835464477539,28.08502197265625,-8.226130485534668,-2.535426378250122,11.786796569824219,9.92723274230957,5.437576770782471,-5.2558112144470215,0.2790586054325104,8.537517547607422,3.48500657081604,34.865692138671875,22.124916076660156,17.02600860595703,2.403630018234253,-3.215581178665161,-5.931446075439453,6.317267417907715,cry
1-211527-B-20.wav,0.45779287815093994,0.06779580563306808,2293.945201721308,2050.6348106571572,4338.7908935546875,0.11521402994791667,-198.65603637695312,80.99497985839844,-53.77033615112305,12.426741600036621,-25.826269149780273,7.334646701812744,15.552032470703125,9.66110610961914,-2.8235976696014404,-1.9799939393997192,2.3677444458007812,5.8956685066223145,-0.14011260867118835,10.95050048828125,8.094512939453125,15.78866958618164,18.220924377441406,10.799641609191895,1.0398527383804321,5.143015384674072,cry
1-211527-C-20.wav,0.2747524380683899,0.07132913917303085,3246.131599425114,2199.1535720948236,5337.7919514973955,0.19591380931712962,-260.3104248046875,-10.82745361328125,-55.665157318115234,11.064682960510254,-23.76479721069336,-7.195431232452393,20.51485252380371,5.206389904022217,-5.957998275756836,-4.667822360992432,-0.1464877724647522,13.051612854003906,2.99267840385437,48.44409942626953,35.75261306762695,20.839204788208008,-4.046483516693115,-5.087467670440674,-7.824814796447754,10.258424758911133,cry
1-22694-A-20.wav,0.39320018887519836,0.05489864945411682,3197.3701286929854,2775.1923722092984,6799.906412760417,0.1766357421875,-298.2747802734375,50.106624603271484,-23.853073120117188,3.4132001399993896,1.960107684135437,9.78300666809082,-2.621670722961426,17.587932586669922,-3.991849660873413,2.34521484375,-3.4945690631866455,1.4310098886489868,-8.172645568847656,0.10017585754394531,2.763425588607788,10.216764450073242,10.321148872375488,17.105924606323242,-5.090788841247559,0.12839168310165405,cry
1-22694-B-20.wav,0.5027413368225098,0.03331726789474487,2771.4141733375513,2677.5034700559054,5942.2170003255205,0.13997847945601852,-338.7799377441406,73.74308776855469,-8.696137428283691,4.194356918334961,7.166290760040283,10.70149040222168,-3.2887020111083984,12.34178352355957,1.2463825941085815,4.514986515045166,-7.258799076080322,3.5426461696624756,-4.252063274383545,2.762286901473999,-3.154423713684082,5.077478408813477,8.688302993774414,13.774883270263672,-3.2853944301605225,6.290701389312744,cry
1-60997-A-20.wav,0.36277371644973755,0.055080775171518326,3387.479780058842,2194.557910486133,5788.3941650390625,0.21555130570023148,-326.1381530761719,-3.715545654296875,-57.538333892822266,6.210481643676758,-48.00707244873047,7.055251598358154,-6.25893497467041,0.07465022057294846,-7.832723140716553,-2.3408727645874023,-14.334759712219238,-8.52307415008545,1.6329716444015503,3.648064136505127,1.4752923250198364,14.936802864074707,7.621882915496826,5.713141441345215,-1.0958092212677002,-1.6563268899917603,cry
1-60997-B-20.wav,0.3184628486633301,0.05443377047777176,3566.337688494997,2036.1597049925779,5829.117838541667,0.22822401258680555,-293.83782958984375,-35.08982467651367,-78.79100799560547,12.672100067138672,-49.75666427612305,7.496732711791992,-13.941885948181152,5.942258358001709,-11.430743217468262,-2.0869336128234863,-23.326271057128906,-10.387835502624512,2.817225217819214,7.276230812072754,4.824531078338623,16.238651275634766,8.50285816192627,1.2803544998168945,-5.073159694671631,-2.581333875656128,cry
2-107351-A-20.wav,0.3071613609790802,0.1415422260761261,3166.817716878035,2303.7613505942695,5663.3819580078125,0.19808394820601852,-181.5914306640625,12.482311248779297,-61.11345672607422,2.1170897483825684,-8.252360343933105,-21.823274612426758,-21.561206817626953,17.183664321899414,4.86672306060791,-4.543837547302246,-3.455670118331909,3.201608657836914,9.357598304748535,9.041024208068848,-2.845590353012085,3.008981704711914,-1.5620077848434448,0.5430079102516174,-4.531772136688232,-2.9147074222564697,cry
2-107351-B-20.wav,0.27057382464408875,0.1930021494626999,3153.4683704057757,2156.7319101655153,5171.059163411458,0.20387776692708334,-167.95254516601562,-3.9712021350860596,-73.44368743896484,4.003417015075684,-1.6524606943130493,-5.9107584953308105,-18.166757583618164,14.886857986450195,11.202801704406738,-8.774269104003906,-4.63692569732666,8.786821365356445,15.430728912353516,3.2900607585906982,0.7308517694473267,5.307837009429932,-4.883517265319824,0.9240437150001526,1.53725004196167,4.89357328414917,cry
2-151079-A-20.wav,0.3564160466194153,0.045511577278375626,2696.179061176658,2491.9100052894596,5530.5938720703125,0.12060772931134259,-319.48040771484375,37.95069885253906,-37.045589447021484,-26.90188217163086,-11.823846817016602,2.1615664958953857,9.176152229309082,6.258063793182373,0.9351672530174255,2.325007915496826,-7.35959529876709,2.6183221340179443,2.5371835231781006,-0.9728578925132751,10.498116493225098,4.097726345062256,7.312122344970703,9.11234188079834,2.4226534366607666,5.307926177978516,cry
2-50665-A-20.wav,0.24517570436000824,0.04783550277352333,1523.1280167801617,1363.4304497145995,2801.2603759765625,0.08313214337384259,-428.83770751953125,17.27383041381836,-23.62395477294922,10.917738914489746,-18.829755783081055,0.5675473809242249,-4.183798789978027,0.384304940700531,15.606742858886719,-6.917666912078857,0.674486517906189,9.537750244140625,13.678275108337402,15.013158798217773,9.931329727172852,4.825407981872559,-8.33502197265625,-1.1803652048110962,0.11141077429056168,1.1438719034194946,cry
2-50666-A-20.wav,0.264599472284317,0.08182631433010101,2096.776089314395,1913.0867854413982,4269.2067464192705,0.1007351345486111,-309.0443115234375,54.05012130737305,-31.750978469848633,31.587480545043945,-28.78707504272461,2.12878680229187,-19.368602752685547,3.9061341285705566,28.108640670776367,7.106322288513184,-0.11184749007225037,-2.5211102962493896,-2.9017584323883057,-13.676560401916504,-2.9836981296539307,-2.5865478515625,10.488839149475098,15.532135009765625,16.05997657775879,18.898420333862305,cry
2-66637-A-20.wav,0.4436866044998169,0.07009110599756241,4218.433018488207,2943.5547728011215,7737.7471923828125,0.28623001663773145,-200.0513916015625,27.403757095336914,-10.641379356384277,-11.443528175354004,-12.593242645263672,-10.140297889709473,-14.319026947021484,17.387821197509766,-1.9231157302856445,8.219381332397461,-2.5401058197021484,2.1128387451171875,2.7954275608062744,7.115521430969238,-2.238783359527588,3.194365978240967,-8.86838436126709,1.2103508710861206,-5.185962677001953,5.001433849334717,cry
2-66637-B-20.wav,0.4790792465209961,0.04763657972216606,3610.8590428576563,2878.510635479625,7193.3359781901045,0.2170477973090278,-217.28280639648438,48.15381622314453,-13.736827850341797,-11.242591857910156,-11.965961456298828,6.923270225524902,-9.632482528686523,12.72484302520752,-0.09499217569828033,4.833843231201172,-6.035305023193359,2.2568438053131104,-5.966236591339111,9.262785911560059,1.4665573835372925,6.215456008911133,-4.254664897918701,3.6875078678131104,-5.576589107513428,2.650599718093872,cry
2-80482-A-20.wav,0.36041298508644104,0.03487909212708473,4112.450187376439,2681.218675589008,7451.08642578125,0.24761058666087962,-357.2668762207031,-44.13777542114258,-72.71253967285156,-35.18695831298828,-20.584835052490234,-19.12889862060547,-12.593652725219727,1.1469365358352661,-22.291427612304688,1.6582350730895996,-8.788569450378418,5.437010765075684,-7.074939250946045,-8.859044075012207,0.5250796675682068,10.721522331237793,7.501468658447266,6.505054950714111,6.247341632843018,11.680841445922852,cry
3-151080-A-20.wav,0.3294696509838104,0.08547867089509964,2971.3151034664993,2421.1713255273617,5698.622639973958,0.15122703269675927,-190.0778045654297,39.78949737548828,-57.81083297729492,-23.653697967529297,-27.32478904724121,0.06601139158010483,10.39454460144043,15.242669105529785,-13.47590446472168,13.587418556213379,-16.771974563598633,5.122995853424072,-7.151965618133545,-16.92782974243164,-10.262059211730957,5.312632083892822,-4.742264270782471,-3.0471463203430176,-7.173699855804443,1.7761430740356445,cry
3-151081-A-20.wav,0.32259345054626465,0.08729340136051178,3559.872418813902,2692.7987771653366,6759.6811930338545,0.1700462058738426,-191.15834045410156,14.46132755279541,-33.424774169921875,-8.941039085388184,-16.230642318725586,18.693880081176758,14.463725090026855,18.066850662231445,1.4295988082885742,2.9466662406921387,0.4441855251789093,8.563389778137207,-7.480077743530273,-7.556933403015137,-8.83204460144043,5.530035972595215,-0.7519688606262207,0.9678621888160706,0.8766105771064758,7.189780235290527,cry
3-151081-B-20.wav,0.31188955903053284,0.07981831580400467,2051.8545540582913,2210.8053899060906,4012.4532063802085,0.09230098017939815,-241.93385314941406,85.49794006347656,-30.114953994750977,-3.7848217487335205,-12.611896514892578,3.874145984649658,12.470415115356445,30.56977081298828,9.34334945678711,-2.3611438274383545,0.6371095180511475,-0.585388720035553,-8.589896202087402,0.7102959156036377,-14.076087951660156,3.7717926502227783,-2.9965057373046875,1.8937344551086426,-2.4114370346069336,9.529852867126465,cry
3-152007-A-20.wav,0.3053368330001831,0.07980341464281082,2885.458547015682,2181.7855280855197,5427.5136311848955,0.17995424623842593,-327.7268981933594,12.514338493347168,-46.604644775390625,7.0647196769714355,-24.624788284301758,-5.447530269622803,-38.14924240112305,-5.548397541046143,-1.5916939973831177,-6.790669918060303,-8.86760425567627,3.4356749057769775,4.8578972816467285,11.860297203063965,4.923507213592529,5.697966575622559,-0.5129238963127136,-10.514739990234375,-3.7410526275634766,-5.347064971923828,cry
3-152007-B-20.wav,0.26125991344451904,0.16361495852470398,2577.196346263206,1971.2472524357802,4880.6101481119795,0.14899133752893517,-177.7097625732422,51.538970947265625,-73.3971176147461,-8.341363906860352,-48.05241775512695,-7.831963062286377,-36.64516830444336,-14.40909194946289,24.19764518737793,-18.353971481323242,-17.309560775756836,-6.908825397491455,-7.453061580657959,1.0194040536880493,4.833563804626465,10.088872909545898,0.49815693497657776,-9.472735404968262,3.7144014835357666,-8.406079292297363,cry
3-152007-C-20.wav,0.2589942216873169,0.10681341588497162,2503.2499041013534,2068.9874615954272,4718.0145263671875,0.14684154369212962,-297.6214294433594,35.553104400634766,-40.40306854248047,16.49725341796875,-29.42051124572754,-14.826691627502441,-34.46821212768555,-8.175232887268066,-2.560397148132324,-16.68519401550293,-12.028603553771973,3.409540891647339,-4.07513952255249,2.040426254272461,8.331537246704102,15.738395690917969,5.131494522094727,-8.810172080993652,-5.194701671600342,-7.193868160247803,cry
3-152007-D-20.wav,0.25359857082366943,0.13999499380588531,3040.5289785241453,2080.491298289556,5345.9665934244795,0.19655354817708334,-265.41314697265625,-1.3220361471176147,-72.83892822265625,1.4828482866287231,-30.159990310668945,-5.283929824829102,-34.69898223876953,-6.234853267669678,-12.963472366333008,-6.031495094299316,4.508670806884766,1.3088699579238892,-0.03301917016506195,8.877227783203125,9.664301872253418,-2.6189157962799072,3.5075247287750244,-5.588488578796387,-4.35972261428833,-3.880082130432129,cry
3-152007-E-20.wav,0.2010374665260315,0.1256072223186493,2510.005117051604,1988.033294640275,4690.749104817708,0.1273826316550926,-234.3717498779297,39.52898025512695,-65.68453216552734,14.71859073638916,-51.69267654418945,-19.926753997802734,-37.09523391723633,-28.17906951904297,11.265006065368652,-21.00799560546875,-13.768861770629883,-8.323601722717285,-5.836360931396484,5.583314895629883,16.531078338623047,10.553740501403809,11.98090934753418,-9.336564064025879,-5.270160675048828,-11.645818710327148,cry
4-167077-A-20.wav,0.46658220887184143,0.058649010956287384,2927.1783362298415,2963.8866753557254,6552.573649088542,0.11112015335648148,-282.0216979980469,52.26893615722656,1.2779650688171387,-4.522633075714111,3.0120930671691895,-4.795547008514404,4.819570541381836,19.10598373413086,9.488724708557129,4.123487949371338,-2.796635627746582,2.694216728210449,-3.141385078430176,6.321303844451904,2.1236281394958496,4.979259490966797,4.932972431182861,6.8637237548828125,0.34608033299446106,9.500462532043457,cry
4-167077-B-20.wav,0.3196992874145508,0.09836673736572266,3039.874026907109,2744.022749335764,6614.082845052083,0.13761619285300927,-208.5777587890625,42.15283966064453,-22.690290451049805,-6.637913227081299,-2.974785327911377,-17.13309097290039,-9.885133743286133,17.270584106445312,-2.9243502616882324,6.621984481811523,-15.367449760437012,0.9943343997001648,0.8465076088905334,6.17918062210083,0.590366542339325,8.029779434204102,6.457583904266357,17.093929290771484,0.8474282026290894,7.3541178703308105,cry
4-167077-C-20.wav,0.32882609963417053,0.06094316020607948,2640.96067705325,2452.3064768266668,5194.4366455078125,0.1115451388888889,-267.7375183105469,59.38808059692383,-29.660661697387695,-5.586365699768066,-12.065224647521973,-7.714145183563232,-6.611176490783691,8.409048080444336,0.31564953923225403,4.970260143280029,-13.737911224365234,2.1558377742767334,-1.746779441833496,2.7282302379608154,0.44582706689834595,5.101387977600098,2.2142200469970703,10.585993766784668,3.2839951515197754,11.610047340393066,cry
4-185575-A-20.wav,0.3611677587032318,0.05587176978588104,2905.2539078836044,2454.6848133669,5825.0803629557295,0.17893925419560186,-219.55946350097656,60.862213134765625,-28.720102310180664,6.430759906768799,-3.8370940685272217,1.6580548286437988,-29.113794326782227,13.79050064086914,-1.0820114612579346,7.342952251434326,-15.002915382385254,-0.07379122078418732,-0.6930304765701294,-7.1319580078125,-7.8017754554748535,1.9365007877349854,0.1853661686182022,9.140535354614258,-1.4370965957641602,2.352757692337036,cry
4-185575-B-20.wav,0.35044270753860474,0.0827949047088623,2453.97046043986,2292.357409355599,5003.080240885417,0.13350875289351852,-205.8675994873047,75.76222229003906,-31.74519920349121,1.4559239149093628,-11.47213363647461,-3.2279064655303955,-38.250732421875,5.2700018882751465,-11.298823356628418,5.711374759674072,-11.064342498779297,3.7630252838134766,-4.7816853523254395,-4.283771514892578,-5.886172771453857,2.023911476135254,-5.601993560791016,4.368402004241943,-1.4224507808685303,1.4090628623962402,cry
4-185575-C-20.wav,0.30415669083595276,0.06640080362558365,2527.0656174714977,2289.769542487412,5046.844482421875,0.1400485568576389,-255.86412048339844,59.040008544921875,-38.12527084350586,-4.708873271942139,-12.32390022277832,-2.009014368057251,-31.13707733154297,-2.2019057273864746,-12.295536994934082,-4.968826770782471,-11.017911911010742,1.98369300365448,-10.297418594360352,-1.366215467453003,-2.5779690742492676,7.431917667388916,4.966604709625244,1.5617005825042725,-8.14593505859375,-5.747164249420166,cry
4-59579-A-20.wav,0.3241221606731415,0.14141984283924103,3144.5114390923377,2234.316387260444,5683.270263671875,0.1773410373263889,-221.40281677246094,4.028724193572998,-41.57815933227539,5.918935775756836,-6.991530418395996,6.657321453094482,-27.098751068115234,4.230215072631836,2.949493408203125,0.8251102566719055,-7.483297824859619,-1.2989860773086548,5.173612117767334,4.687658309936523,-2.1979787349700928,5.159878253936768,-3.3741183280944824,3.9973504543304443,2.113642454147339,1.7834371328353882,cry
4-59579-B-20.wav,0.1846044957637787,0.06295520812273026,1049.0208189728291,1065.9277416080859,2055.1249186197915,0.05166060836226852,-368.6777648925781,39.77155685424805,-17.081846237182617,-0.6459578275680542,-15.345157623291016,-6.765474796295166,-23.765445709228516,3.299440383911133,-1.8773512840270996,-4.694372653961182,-0.01151394285261631,-2.363095283508301,-0.7594746351242065,2.961395502090454,0.766497790813446,8.02773666381836,5.689727306365967,0.05114998295903206,6.850447654724121,-4.671829700469971,cry
5-151085-A-20.wav,0.337603896856308,0.08337648957967758,3132.9449578088656,2424.9979980465746,5924.0234375,0.16461181640625,-160.03369140625,30.977697372436523,-65.4231185913086,-26.399526596069336,-29.310121536254883,0.713527262210846,8.094452857971191,15.815248489379883,-16.577388763427734,12.197188377380371,-17.193115234375,5.039974212646484,-7.790342330932617,-16.813608169555664,-11.546220779418945,4.830214500427246,-5.0070013999938965,-5.042653560638428,-8.51036548614502,1.1237666606903076,cry
5-198411-A-20.wav,0.2708495259284973,0.05751814320683479,2788.408322891338,2339.7522928386275,5276.4821370442705,0.14542869285300927,-273.3635559082031,25.059316635131836,-38.18083953857422,9.78475570678711,-1.3236253261566162,5.267638683319092,-5.6702117919921875,2.690659999847412,6.934937000274658,6.178144454956055,3.4893980026245117,2.854578971862793,6.899203300476074,18.954191207885742,13.253215789794922,14.494407653808594,2.692211866378784,-1.4519803524017334,-7.106688976287842,3.1323840618133545,cry
5-198411-B-20.wav,0.2569252550601959,0.06390305608510971,2333.6202638630098,2355.6528146256333,5006.868489583333,0.10851598668981481,-258.36614990234375,74.25950622558594,-7.145108699798584,24.85287094116211,-24.036514282226562,2.333374500274658,-5.690959930419922,-3.8155980110168457,12.95158576965332,-5.383521556854248,20.29999542236328,-2.580050468444824,1.3252099752426147,9.330784797668457,9.550896644592285,6.612211227416992,4.17905330657959,8.566133499145508,4.532573223114014,15.658991813659668,cry
5-198411-C-20.wav,0.2261754721403122,0.07105860114097595,1567.7349929145673,2106.552499808196,2874.134318033854,0.059380425347222224,-283.4759216308594,115.20138549804688,6.834145545959473,-0.5724675059318542,-25.333858489990234,-10.354042053222656,-25.359798431396484,-22.107702255249023,6.711094379425049,-2.862711191177368,11.60316276550293,2.3132474422454834,4.438107013702393,9.136408805847168,11.658343315124512,13.709549903869629,13.668621063232422,14.51905632019043,5.249890327453613,8.677783012390137,cry
5-198411-D-20.wav,0.2724975347518921,0.08538185805082321,2487.5790012727953,2264.7177799107635,4863.114420572917,0.13625081380208334,-199.64344787597656,63.998390197753906,-32.03419876098633,13.144488334655762,-22.031543731689453,-10.669092178344727,-16.4737491607666,-0.731946587562561,6.688717365264893,-4.446837902069092,20.635990142822266,-1.236342430114746,13.093511581420898,24.514341354370117,5.1774749755859375,3.8049275875091553,1.4252629280090332,9.031891822814941,-3.5760838985443115,7.919167995452881,cry
5-198411-E-20.wav,0.21094103157520294,0.12933169305324554,2357.4548929365333,2366.758142422734,4781.268310546875,0.1013454861111111,-191.6630859375,79.94100952148438,-4.715752601623535,21.071975708007812,-42.40328598022461,0.51053786277771,-5.053347110748291,-17.509748458862305,4.762758255004883,-11.826054573059082,31.154142379760742,-6.648841381072998,14.652637481689453,26.60590362548828,14.970112800598145,12.332221984863281,2.0814900398254395,7.227999210357666,-8.41093921661377,11.0745849609375,cry
5-198411-F-20.wav,0.2733578681945801,0.07956141233444214,2881.8849138882174,2207.7483535171023,4987.129720052083,0.17247404875578703,-266.6612548828125,11.705376625061035,-63.33015060424805,12.42708969116211,9.397209167480469,-0.3560422360897064,-8.92839527130127,7.017367839813232,18.79570770263672,4.030917167663574,5.562876224517822,10.32575798034668,16.649532318115234,13.011744499206543,1.3743354082107544,5.026822566986084,9.564146041870117,-0.45234963297843933,-7.158377647399902,1.762355923652649,cry
5-198411-G-20.wav,0.3400545120239258,0.05252160131931305,2035.9000963373237,2363.250117710615,4557.5124104817705,0.07996057581018519,-309.6755676269531,87.84544372558594,1.5815008878707886,15.038630485534668,-25.363271713256836,0.5646765232086182,-6.151758193969727,-5.3296074867248535,15.849451065063477,-1.3804898262023926,27.825166702270508,5.5242695808410645,8.904598236083984,13.434507369995117,2.2471601963043213,2.427523612976074,8.900914192199707,14.237251281738281,5.017663955688477,9.294529914855957,cry
Louise_01.m4a_0.wav,0.24063459038734436,0.14366155862808228,2881.9724336448176,2646.665070024762,5990.616861979167,0.12152777777777778,-237.38995361328125,47.24560546875,7.544699192047119,31.298946380615234,-26.25065040588379,6.393682479858398,-6.734671592712402,-2.314009428024292,-11.094488143920898,-5.230483531951904,0.08595042675733566,-16.29075050354004,10.101661682128906,-2.0776491165161133,8.950300216674805,11.973841667175293,20.691299438476562,5.958977222442627,2.181272506713867,0.9081794023513794,cry
Louise_01.m4a_1.wav,0.296731173992157,0.07372830808162689,3058.398993974407,2695.5678715000113,6257.5388590494795,0.14640299479166666,-276.4200744628906,48.97417449951172,2.0426669120788574,28.865385055541992,-21.396663665771484,4.095398902893066,-8.403947830200195,1.7594881057739258,-8.877203941345215,-3.4786410331726074,1.7463823556900024,-11.02088451385498,6.900237560272217,-2.067558526992798,7.389789581298828,7.333069324493408,15.610064506530762,1.9841322898864746,2.902804374694824,3.2482376098632812,cry
Louise_01.m4a_10.wav,0.2909117043018341,0.08776602894067764,3147.3489567317774,2454.943754574538,5877.268473307292,0.1689114040798611,-217.99620056152344,12.304258346557617,-49.120758056640625,0.3979237973690033,-14.810996055603027,-4.923701763153076,-0.3397824466228485,-9.355515480041504,-17.85188865661621,-2.746088981628418,0.5477825999259949,-3.999145984649658,5.287108898162842,13.705451965332031,-2.641024589538574,13.891912460327148,-4.202280521392822,4.045284271240234,-5.396106719970703,2.51878023147583,cry
Louise_01.m4a_11.wav,0.2882375419139862,0.08490271121263504,3083.70531473432,2363.1524836057224,5641.0512288411455,0.1693183051215278,-227.71835327148438,15.624537467956543,-47.896575927734375,4.640635013580322,-17.280363082885742,-2.6650984287261963,1.86607027053833,-5.837733745574951,-11.76241683959961,-1.9686691761016846,-0.0483500175178051,-5.114643096923828,1.9168511629104614,12.955102920532227,-6.428350448608398,13.40553092956543,-5.785160541534424,2.9755077362060547,-2.8302042484283447,3.640188694000244,cry
Louise_01.m4a_12.wav,0.2602359652519226,0.08418115973472595,3033.8097792401113,2425.3829145299665,5658.247884114583,0.15623191550925927,-229.1799774169922,22.800411224365234,-43.30139923095703,-0.8367760181427002,-26.753074645996094,-2.8324358463287354,2.443207263946533,-4.883296966552734,-10.149765968322754,-4.185117721557617,0.9131226539611816,-7.063724994659424,6.395604610443115,14.14405632019043,1.593775987625122,13.354620933532715,-8.00082778930664,-2.0328688621520996,-7.443233013153076,3.0792109966278076,cry
Louise_01.m4a_13.wav,0.2562255561351776,0.08130098134279251,2985.6923937576253,2542.2335367459823,5834.0525309244795,0.1480419017650463,-248.8440399169922,29.911170959472656,-32.153507232666016,-3.913290023803711,-29.588809967041016,-3.231753349304199,5.736464500427246,-5.742822170257568,-10.00564956665039,-4.502955436706543,-1.9291441440582275,-9.716511726379395,6.658358097076416,13.951057434082031,7.839346408843994,15.372982025146484,-3.196079969406128,-0.19451706111431122,-7.012223243713379,-1.6563700437545776,cry
Louise_01.m4a_14.wav,0.22606460750102997,0.06827875971794128,2848.228321184206,2568.8127135663676,5668.8649495442705,0.1271430121527778,-268.02996826171875,37.60165786743164,-23.959577560424805,1.1963399648666382,-30.097728729248047,-5.609550952911377,2.339639663696289,-5.231903076171875,-7.170078754425049,-9.00582218170166,-1.2640591859817505,-13.587836265563965,8.544659614562988,12.355899810791016,9.726326942443848,15.217595100402832,0.7847973704338074,3.6282293796539307,-4.8294196128845215,-1.8251252174377441,cry
Louise_01.m4a_2.wav,0.31442949175834656,0.07739220559597015,3147.768739443538,2712.005535421478,6370.6878662109375,0.1626519097222222,-274.4924621582031,46.650787353515625,0.9290633201599121,25.933277130126953,-20.444074630737305,4.8866047859191895,-8.72665786743164,1.8907312154769897,-8.402358055114746,-5.195165634155273,1.0230085849761963,-10.566987991333008,3.301408290863037,-0.07011173665523529,7.351253032684326,9.52493953704834,16.365219116210938,0.4038904011249542,1.0230673551559448,2.0756824016571045,cry
Louise_01.m4a_3.wav,0.3134116530418396,0.08510886132717133,3068.2002148870856,2657.0911449772316,6187.2568766276045,0.16341145833333334,-272.9646911621094,47.61233139038086,-0.35258370637893677,24.05583381652832,-22.783889770507812,-0.6646909117698669,-4.827728271484375,0.33689653873443604,-4.444085121154785,-6.4811482429504395,2.943814992904663,-11.227638244628906,-2.9960215091705322,-2.2487199306488037,3.2201244831085205,8.056854248046875,17.57863998413086,8.016828536987305,0.012313277460634708,2.5612123012542725,cry
Louise_01.m4a_4.wav,0.31125497817993164,0.08759602904319763,3056.9418787083814,2648.861804320961,6103.3172607421875,0.1591163917824074,-271.78118896484375,45.296043395996094,-3.2337801456451416,25.294265747070312,-21.960765838623047,-4.171317100524902,-5.449648380279541,-0.7591705322265625,-4.48533296585083,-10.266816139221191,5.7341084480285645,-12.285815238952637,-4.853438377380371,-1.1091444492340088,2.9385313987731934,7.60674524307251,18.12801742553711,11.009541511535645,-0.003361172042787075,4.676276206970215,cry
Louise_01.m4a_5.wav,0.27909913659095764,0.06880784779787064,3077.8932406159443,2577.216819439649,6030.792236328125,0.15869592737268517,-318.3183898925781,30.621902465820312,-6.39616060256958,19.57028579711914,-25.807714462280273,-3.638518810272217,-4.3540496826171875,-2.9656856060028076,-7.706018447875977,-9.41474437713623,5.384781837463379,-14.687824249267578,-5.136215686798096,2.376142740249634,5.315432071685791,12.053302764892578,19.003597259521484,7.714291572570801,-1.4992220401763916,3.737614393234253,cry
Louise_01.m4a_6.wav,0.2460215538740158,0.07218856364488602,3082.791293293117,2585.8159632140914,6085.0738525390625,0.15285463686342593,-301.41729736328125,27.33729362487793,-10.280938148498535,15.995223045349121,-27.740943908691406,-4.714766979217529,-4.829985618591309,-3.510159492492676,-12.655485153198242,-12.044974327087402,4.200578689575195,-15.66655158996582,-2.5155181884765625,4.904963970184326,8.967635154724121,14.73323917388916,19.069520950317383,9.058006286621094,-4.978068828582764,1.5192033052444458,cry
Louise_01.m4a_7.wav,0.2488175630569458,0.08696692436933517,3017.1072300127275,2473.4171664586215,5800.406901041667,0.15272126374421297,-265.5881042480469,21.49905776977539,-23.545888900756836,17.745248794555664,-23.42675018310547,-8.015531539916992,-6.6271209716796875,-5.932901382446289,-13.531929016113281,-11.963953018188477,7.0512309074401855,-15.124168395996094,-1.8941515684127808,4.356105804443359,2.1851673126220703,12.48037338256836,16.581220626831055,14.956221580505371,-0.8320801258087158,4.200634002685547,cry
Louise_01.m4a_8.wav,0.2656162977218628,0.07827471941709518,3065.299568634976,2471.1040031610173,5814.3137613932295,0.15836362485532407,-257.9936828613281,18.527881622314453,-30.790115356445312,15.580937385559082,-11.63554573059082,-9.067426681518555,-8.648629188537598,-6.390522003173828,-15.928217887878418,-6.959072589874268,7.919159889221191,-8.88919734954834,0.6836822032928467,4.911313533782959,-5.125467300415039,8.109282493591309,7.147525310516357,12.373023986816406,3.5035321712493896,9.315021514892578,cry
Louise_01.m4a_9.wav,0.2898057699203491,0.09738956391811371,3178.8328633533133,2462.983157417978,5969.4325764973955,0.1746148003472222,-228.6204071044922,11.489739418029785,-41.03566360473633,6.2063727378845215,-12.22603988647461,-7.829442977905273,-4.044163703918457,-8.121520042419434,-18.17133140563965,-2.6449663639068604,4.164052963256836,-5.897329807281494,4.267775535583496,10.065169334411621,-1.6259969472885132,12.18120002746582,0.9232750535011292,5.6423821449279785,-4.23621129989624,2.3419063091278076,cry
V_2017-04-01+08_06_22=0_30.mp3_0.wav,0.16509677469730377,0.12423571199178696,2630.7027513225426,2354.5374186515746,5206.150309244792,0.1110523365162037,-213.0142822265625,29.651124954223633,-31.559926986694336,-6.028648853302002,-35.03095245361328,-19.017290115356445,-21.274169921875,-5.382397651672363,-14.20454216003418,-21.50193977355957,-10.904093742370605,4.574887275695801,4.824243545532227,7.019412040710449,-0.7630858421325684,-12.181055068969727,-16.04641342163086,-8.06871223449707,-13.370356559753418,-6.479663372039795,cry
V_2017-04-01+08_06_22=0_30.mp3_1.wav,0.16669757664203644,0.1349915862083435,2612.828512388832,2385.303253072954,5139.2578125,0.10203495732060185,-200.66741943359375,31.32166290283203,-32.15381622314453,-1.0687390565872192,-40.619781494140625,-27.46731185913086,-21.693161010742188,-9.294421195983887,-15.021784782409668,-16.502927780151367,-6.007081985473633,6.089077472686768,6.148401260375977,5.552241802215576,-3.638972043991089,-13.66534423828125,-14.554590225219727,-7.6890869140625,-14.683399200439453,-8.106311798095703,cry
V_2017-04-01+08_06_22=0_30.mp3_10.wav,0.20549261569976807,0.16442139446735382,2757.828529857327,2073.251310911671,4857.0831298828125,0.16045238353587962,-201.4844512939453,7.877895355224609,-52.31401824951172,2.823843240737915,-33.54372024536133,-9.364882469177246,-18.92458724975586,-16.707685470581055,-19.874330520629883,-6.686428546905518,-3.675764799118042,11.54637336730957,9.176729202270508,7.295479774475098,-15.50657844543457,-14.491471290588379,-15.697600364685059,-5.976619720458984,-13.402899742126465,-13.166923522949219,cry
V_2017-04-01+08_06_22=0_30.mp3_11.wav,0.2272348701953888,0.14292892813682556,2701.38109840991,2024.7748576091053,4660.4929606119795,0.16114411530671297,-210.48216247558594,16.03518295288086,-56.82276153564453,3.9329380989074707,-27.522216796875,-11.926262855529785,-19.030744552612305,-19.075151443481445,-18.401559829711914,-6.39087438583374,-0.6394280791282654,12.12338638305664,8.231359481811523,7.0728631019592285,-16.49555206298828,-17.48181915283203,-15.311970710754395,-3.4844350814819336,-11.935900688171387,-14.293570518493652,cry
V_2017-04-01+08_06_22=0_30.mp3_12.wav,0.28676745295524597,0.11038446426391602,2626.8325162577535,2136.5676715634054,4759.2864990234375,0.1482521339699074,-244.30929565429688,32.34279251098633,-49.50721740722656,3.0033340454101562,-25.792526245117188,-14.382513046264648,-16.903982162475586,-16.96912956237793,-14.154468536376953,-6.90584135055542,-4.805999279022217,7.8197102546691895,3.6916017532348633,5.628366470336914,-11.607136726379395,-13.949548721313477,-15.32266616821289,-4.9243292808532715,-9.900788307189941,-9.683815002441406,cry
V_2017-04-01+08_06_22=0_30.mp3_13.wav,0.31068915128707886,0.08941919356584549,2579.0243445446,2231.887419126425,4903.887939453125,0.13817003038194445,-270.8568420410156,43.130191802978516,-40.08120346069336,2.5177533626556396,-25.595199584960938,-13.958412170410156,-17.19175910949707,-13.253277778625488,-12.692290306091309,-8.521156311035156,-7.221917629241943,5.848127365112305,1.9664250612258911,4.714451313018799,-9.377131462097168,-12.10628890991211,-15.347240447998047,-5.446802139282227,-8.601341247558594,-9.210230827331543,cry
V_2017-04-01+08_06_22=0_30.mp3_14.wav,0.30629321932792664,0.11490754038095474,2572.569221092996,2237.8195721807238,4976.4129638671875,0.1338161892361111,-250.97052001953125,46.72072982788086,-36.575416564941406,4.02716588973999,-28.864049911499023,-9.072209358215332,-17.106401443481445,-13.787731170654297,-16.637039184570312,-10.513445854187012,-7.582589626312256,4.3143463134765625,5.880895137786865,5.697444915771484,-8.486968040466309,-15.212471008300781,-16.874652862548828,-5.803484916687012,-8.44960880279541,-7.624190807342529,cry
V_2017-04-01+08_06_22=0_30.mp3_15.wav,0.30866768956184387,0.09979476779699326,2371.1567472714214,2215.4179276365817,4722.849527994792,0.11506031177662036,-262.6455078125,62.35005187988281,-29.048551559448242,-0.8158512711524963,-34.102054595947266,-13.800682067871094,-14.518030166625977,-13.118358612060547,-13.923375129699707,-12.474088668823242,-9.522926330566406,-1.7484467029571533,6.290760040283203,4.655198097229004,-3.34706974029541,-10.02972412109375,-13.162894248962402,-7.408969879150391,-7.274660587310791,-3.985511302947998,cry
V_2017-04-01+08_06_22=0_30.mp3_16.wav,0.2870762348175049,0.12874506413936615,2515.6027715260425,2259.9270219199357,5076.9012451171875,0.12378381799768519,-260.6872863769531,49.69957733154297,-27.092748641967773,-1.818350911140442,-39.11344528198242,-5.727721214294434,-15.20582389831543,-11.670990943908691,-18.574201583862305,-11.772502899169922,-4.032268047332764,4.66504430770874,9.93758487701416,-2.0188424587249756,-13.53545093536377,-14.622845649719238,-8.459342002868652,-5.661046981811523,-11.091508865356445,-9.163376808166504,cry
V_2017-04-01+08_06_22=0_30.mp3_17.wav,0.21650893986225128,0.15180104970932007,2451.389539447131,2130.2620353301822,4863.712565104167,0.11501510054976852,-238.52188110351562,43.60282516479492,-33.024478912353516,-0.7228924632072449,-45.97173309326172,-3.9895126819610596,-17.504581451416016,-11.216450691223145,-20.098939895629883,-13.377497673034668,-0.5263248085975647,7.058223724365234,13.552657127380371,-1.8302263021469116,-16.250308990478516,-16.627119064331055,-8.297750473022461,-4.034792423248291,-13.139153480529785,-14.104167938232422,cry
V_2017-04-01+08_06_22=0_30.mp3_18.wav,0.17067492008209229,0.17927812039852142,2432.766645750101,2013.223126147967,4688.9048258463545,0.11551468460648148,-216.5487518310547,38.6878662109375,-41.376129150390625,2.326932430267334,-51.7926025390625,-2.5880749225616455,-18.936412811279297,-11.872424125671387,-20.88663673400879,-16.122554779052734,-0.1680460274219513,9.187067031860352,15.776459693908691,0.2931321859359741,-16.145315170288086,-18.539325714111328,-9.965429306030273,-3.861015558242798,-13.317469596862793,-15.919238090515137,cry
V_2017-04-01+08_06_22=0_30.mp3_19.wav,0.1761971414089203,0.1645243912935257,2501.2941136784134,1998.6182753897695,4730.326334635417,0.12439190899884259,-207.54043579101562,34.0661735534668,-52.37151336669922,-0.3726019263267517,-47.69376754760742,-0.6901358366012573,-21.840368270874023,-10.960508346557617,-22.056018829345703,-11.750032424926758,1.070305347442627,9.653304100036621,8.648092269897461,-4.1039276123046875,-17.917640686035156,-15.417438507080078,-7.632389545440674,-4.238924503326416,-14.905786514282227,-14.870067596435547,cry
V_2017-04-01+08_06_22=0_30.mp3_2.wav,0.16780216991901398,0.12341969460248947,2359.313116638195,2301.9873850141685,4630.9844970703125,0.08655689380787036,-211.8356170654297,45.70360565185547,-33.552371978759766,-0.43548867106437683,-42.20869445800781,-34.08058166503906,-23.180334091186523,-9.896985054016113,-7.610836982727051,-17.00209617614746,-9.006936073303223,0.3455221951007843,2.4766886234283447,2.2933857440948486,2.853001356124878,-7.934468746185303,-14.051350593566895,-6.130543231964111,-14.480256080627441,-6.115014553070068,cry
V_2017-04-01+08_06_22=0_30.mp3_20.wav,0.18066167831420898,0.15734824538230896,2485.6836128657346,1988.6219590517148,4683.671061197917,0.12456823278356481,-199.00836181640625,36.64693069458008,-57.98101043701172,-1.6093995571136475,-45.16687774658203,-2.1977643966674805,-23.840160369873047,-10.380958557128906,-20.258193969726562,-11.603540420532227,-0.13293428719043732,11.153767585754395,5.161296367645264,-4.103249549865723,-18.53592300415039,-14.134783744812012,-8.348091125488281,-3.3181700706481934,-15.601311683654785,-15.892356872558594,cry
V_2017-04-01+08_06_22=0_30.mp3_21.wav,0.18532979488372803,0.14095593988895416,2372.2640933328926,1964.9091189159076,4419.0419514973955,0.1150196216724537,-198.11630249023438,44.637596130371094,-58.40593338012695,-0.7282980680465698,-48.91161346435547,-9.98133373260498,-22.04709243774414,-9.71426773071289,-17.348421096801758,-11.736634254455566,-4.865899562835693,5.415578842163086,2.9057540893554688,-0.8644922971725464,-14.781830787658691,-11.119868278503418,-10.67751693725586,-4.575578689575195,-11.571770668029785,-13.093241691589355,cry
V_2017-04-01+08_06_22=0_30.mp3_22.wav,0.1938551962375641,0.13947243988513947,2287.110289785479,1936.565499377177,4266.5150960286455,0.11342592592592593,-193.70997619628906,50.485816955566406,-60.405574798583984,1.3004260063171387,-49.61311340332031,-15.176426887512207,-23.536245346069336,-9.747458457946777,-15.269725799560547,-11.811717987060547,-6.1997151374816895,1.7960175275802612,-2.115971803665161,-1.4284569025039673,-11.411084175109863,-10.87291145324707,-9.445643424987793,-5.776363849639893,-9.959571838378906,-9.519105911254883,cry
V_2017-04-01+08_06_22=0_30.mp3_23.wav,0.19839943945407867,0.14313074946403503,2415.5720415501896,1949.8771665132965,4370.7916259765625,0.13195348668981483,-187.22958374023438,41.530120849609375,-61.337303161621094,2.417466402053833,-48.11463928222656,-14.529524803161621,-19.576318740844727,-8.828572273254395,-19.484342575073242,-11.490118980407715,-5.264867782592773,0.8911203742027283,0.9239940047264099,0.015305978246033192,-12.390098571777344,-14.655174255371094,-9.886950492858887,-6.47821044921875,-9.580127716064453,-6.83071231842041,cry
V_2017-04-01+08_06_22=0_30.mp3_24.wav,0.20031799376010895,0.13928338885307312,2099.7349895064876,1840.8011348024304,3718.5648600260415,0.11250361689814815,-199.98948669433594,62.86452102661133,-52.36695861816406,3.082756996154785,-48.36347198486328,-24.54793357849121,-21.119163513183594,-11.706803321838379,-12.747949600219727,-14.802165031433105,-9.569352149963379,-1.5043671131134033,4.714389324188232,3.23178768157959,-6.765630722045898,-12.183857917785645,-10.332775115966797,-7.251984596252441,-8.153868675231934,-7.874011039733887,cry
V_2017-04-01+08_06_22=0_30.mp3_25.wav,0.18995428085327148,0.1942538022994995,1988.5739664782784,1742.5004700460174,3456.5277099609375,0.10791693793402778,-189.55081176757812,65.13268280029297,-54.317012786865234,3.277956962585449,-46.31806182861328,-28.314096450805664,-21.082902908325195,-13.35963249206543,-10.85578727722168,-15.218818664550781,-10.33785343170166,-1.6757069826126099,4.413577556610107,5.699038505554199,-0.9001442193984985,-6.227598190307617,-11.674556732177734,-11.681543350219727,-10.176777839660645,-6.775452613830566,cry
V_2017-04-01+08_06_22=0_30.mp3_3.wav,0.1774040013551712,0.1706213802099228,2405.4064902711393,2341.633885441754,4756.3954671223955,0.08697283709490741,-170.28419494628906,45.2095947265625,-34.26416015625,-0.9640214443206787,-46.85014343261719,-38.447120666503906,-22.580698013305664,-11.304890632629395,-8.983281135559082,-14.481696128845215,-6.672121524810791,-2.3603224754333496,2.0914525985717773,1.0366015434265137,1.4889748096466064,-7.82830286026001,-14.331321716308594,-6.967502593994141,-15.042608261108398,-3.652660608291626,cry
V_2017-04-01+08_06_22=0_30.mp3_4.wav,0.178015798330307,0.16017387807369232,2240.7554677960634,2235.3168541095542,4358.2305908203125,0.08485016999421297,-175.06405639648438,53.98247528076172,-37.31425476074219,0.3675774335861206,-45.540626525878906,-38.19192123413086,-21.055452346801758,-12.107475280761719,-9.206194877624512,-13.510034561157227,-10.389750480651855,-7.088339805603027,-2.790179491043091,2.333116292953491,6.11501407623291,-1.6590553522109985,-10.444917678833008,-11.62773323059082,-15.762066841125488,-2.572265386581421,cry
V_2017-04-01+08_06_22=0_30.mp3_5.wav,0.19241100549697876,0.1480090469121933,2234.9716802349567,2207.0240266220635,4269.9045817057295,0.0877956814236111,-182.34275817871094,57.783546447753906,-39.24113082885742,-2.705559015274048,-42.492042541503906,-33.48233413696289,-19.680139541625977,-9.166605949401855,-10.537772178649902,-15.517912864685059,-10.267411231994629,-7.358722686767578,-2.7880001068115234,0.9516068696975708,2.502410888671875,-4.1740875244140625,-11.17440414428711,-11.459441184997559,-10.988645553588867,0.2543310225009918,cry
V_2017-04-01+08_06_22=0_30.mp3_6.wav,0.19237039983272552,0.1592468023300171,2180.218983674998,2130.853863453997,4153.814697265625,0.0922580295138889,-181.57327270507812,59.16701126098633,-41.00460433959961,-5.003576755523682,-40.67381286621094,-25.71297264099121,-18.20893096923828,-6.345696449279785,-11.247852325439453,-18.792234420776367,-16.83639144897461,-10.655977249145508,-4.261557102203369,5.089550495147705,8.106590270996094,2.326760768890381,-11.727115631103516,-13.943604469299316,-10.94432258605957,3.0468599796295166,cry
V_2017-04-01+08_06_22=0_30.mp3_7.wav,0.19535423815250397,0.17369872331619263,2419.337040298488,2145.97884381623,4487.6291910807295,0.11756501374421297,-176.0470733642578,44.30615234375,-41.842926025390625,-2.61864972114563,-37.93983840942383,-19.534135818481445,-18.499345779418945,-8.802653312683105,-16.35480499267578,-16.446317672729492,-12.122906684875488,-3.8747575283050537,1.3853386640548706,6.239841938018799,0.019499601796269417,-3.5264482498168945,-12.468531608581543,-12.994156837463379,-11.943228721618652,-2.131366729736328,cry
V_2017-04-01+08_06_22=0_30.mp3_8.wav,0.20931020379066467,0.17579707503318787,2415.672858542087,2051.355750203025,4313.8682047526045,0.13041856553819445,-186.07337951660156,42.10420227050781,-43.77587127685547,-0.37300533056259155,-32.00394058227539,-14.838335990905762,-19.413278579711914,-12.705554008483887,-17.43817901611328,-14.543193817138672,-11.088822364807129,0.19276314973831177,2.4585132598876953,7.187296390533447,-5.754044055938721,-6.382084369659424,-12.26760482788086,-10.60551929473877,-10.498372077941895,-4.990535736083984,cry
V_2017-04-01+08_06_22=0_30.mp3_9.wav,0.21723325550556183,0.13709506392478943,2492.0717178388227,2046.67622327014,4448.101806640625,0.13874873408564814,-218.96780395507812,34.52030563354492,-46.848365783691406,-0.9120755195617676,-33.46535110473633,-13.329850196838379,-20.802078247070312,-13.561003684997559,-16.574819564819336,-11.193822860717773,-7.796793460845947,5.157843112945557,4.218958854675293,3.472852945327759,-12.835380554199219,-8.440677642822266,-12.512027740478516,-5.840520858764648,-9.42028522491455,-7.239278316497803,cry
1-11687-A-47.wav,0.6110647320747375,0.18359988927841187,2659.943004998774,2612.9874644859165,5767.708333333333,0.1375144675925926,-68.77432250976562,78.81729125976562,4.041182518005371,44.99915313720703,14.149311065673828,18.35435676574707,6.953739166259766,9.543529510498047,-5.257567882537842,2.9382169246673584,-12.549748420715332,10.970259666442871,-1.8701014518737793,7.524433135986328,4.159294605255127,1.3580443859100342,-2.106689453125,-0.2196148782968521,-5.137649059295654,6.232047080993652,no_cry
1-12653-A-15.wav,0.35217660665512085,0.021082405000925064,2457.2707135081882,2581.119411480239,5167.96875,0.08622459129050926,-346.3659973144531,92.15911102294922,-2.5777149200439453,-0.12623560428619385,4.849515438079834,22.44477081298828,9.019136428833008,5.860319137573242,5.371658802032471,1.72891366481781,-15.785017967224121,-19.749006271362305,-20.18287467956543,-0.5564278960227966,-1.89719557762146,4.674679756164551,-4.101257801055908,-4.847311496734619,-11.52037525177002,-4.587499618530273,no_cry
1-12654-A-15.wav,0.3795927166938782,0.004380317404866219,2666.0464848594975,2915.953148812678,6375.2736409505205,0.07916033709490741,-486.5978698730469,77.63289642333984,16.881603240966797,22.50149154663086,9.134636878967285,13.1044921875,4.572422027587891,6.607892036437988,-0.9632882475852966,0.6904723644256592,-2.4581785202026367,-0.536102831363678,-5.939325332641602,0.4488595426082611,-3.7642176151275635,-1.9591889381408691,-5.340813636779785,-2.4625132083892822,-6.3232197761535645,-3.0810275077819824,no_cry
1-12654-B-15.wav,0.4588632583618164,0.0035670262295752764,2577.5466229971667,2939.693138021118,6294.8232014973955,0.08071108217592593,-486.431640625,82.69039916992188,18.127140045166016,23.477005004882812,12.338550567626953,14.282800674438477,5.623202800750732,5.503155708312988,-2.7454721927642822,1.4520889520645142,-2.4229345321655273,-1.1956853866577148,-7.426474094390869,2.2893450260162354,-4.724577903747559,-2.082326650619507,-5.071451187133789,0.5458710193634033,-4.340847015380859,-0.02481105737388134,no_cry
1-13571-A-46.wav,0.26964572072029114,0.14482448995113373,1228.6630234821757,1316.940260435871,2100.334676106771,0.06632034866898148,-203.2511444091797,142.72149658203125,-47.02082824707031,10.638775825500488,-5.395401477813721,-11.527271270751953,-17.83326530456543,-0.7006728649139404,0.05880666524171829,15.85258960723877,1.953466773033142,-15.748106002807617,-28.070323944091797,-24.89192771911621,-17.146949768066406,2.1296885013580322,10.012798309326172,4.081533908843994,-7.8264851570129395,-6.812381267547607,no_cry
1-13572-A-46.wav,0.1919928938150406,0.08536600321531296,1499.7722376679453,1711.3013657995223,2427.320353190104,0.0808421947337963,-253.75726318359375,127.31419372558594,-22.290807723999023,-0.44685590267181396,-9.309281349182129,-16.152238845825195,-19.250173568725586,-12.511414527893066,-6.937448024749756,6.205316543579102,7.255499839782715,0.46851322054862976,0.950725257396698,1.0567501783370972,-15.671649932861328,-24.529647827148438,-20.11820411682129,0.766708493232727,8.30133056640625,3.835085153579712,no_cry
1-13613-A-37.wav,0.3532066345214844,0.12702003121376038,3460.4120092651515,1641.7969938365277,4815.362548828125,0.3525368019386574,-112.27816009521484,30.70207405090332,-71.10710906982422,69.6649398803711,-25.305265426635742,7.074921607971191,-6.076973915100098,-4.445924758911133,-20.98939323425293,16.636714935302734,-0.856066107749939,11.317320823669434,1.086793303489685,24.330326080322266,-25.450149536132812,-0.2917933166027069,-1.0275335311889648,2.8385794162750244,-1.6729397773742676,4.393712520599365,no_cry
1-137-A-32.wav,0.6062867641448975,0.009260524064302444,2632.804404866148,2324.010685946621,4797.4680582682295,0.06646728515625,-388.28131103515625,64.42864990234375,-26.403614044189453,27.490604400634766,-0.60422682762146,9.540464401245117,10.375776290893555,5.918118953704834,2.720092535018921,16.756633758544922,1.9701584577560425,15.463875770568848,5.85416316986084,9.946134567260742,5.595508575439453,10.788536071777344,2.2709288597106934,3.6809613704681396,-4.808707237243652,2.989779233932495,no_cry
1-14262-A-37.wav,0.1579631268978119,0.05938764289021492,6386.6090912538975,3549.564853972433,9651.859537760416,0.7630750868055556,-298.2908935546875,6.139484405517578,-32.92082214355469,-36.36090850830078,-8.146562576293945,-20.930917739868164,13.781331062316895,-23.117536544799805,13.022516250610352,1.508501648902893,5.293798923492432,15.365758895874023,7.695584297180176,-6.344964981079102,22.499710083007812,1.2861231565475464,-9.28498649597168,4.575987815856934,-8.997047424316406,-0.6845493912696838,no_cry
1-15689-A-4.wav,0.6004221439361572,0.04304027929902077,3170.4643986062897,2770.0475498202054,6430.0038655598955,0.10087302879050926,-391.0760498046875,26.628662109375,-34.29539489746094,10.245545387268066,16.766361236572266,11.106823921203613,1.2106882333755493,17.90101432800293,9.439249992370605,10.465691566467285,-7.817927837371826,9.658958435058594,6.610743999481201,5.838055610656738,-3.64139461517334,14.962592124938965,5.465619087219238,1.4064903259277344,1.0976042747497559,7.951160430908203,no_cry
1-15689-B-4.wav,0.5203043222427368,0.037564560770988464,3039.1676789959797,2722.2855433679047,6287.6953125,0.11324508101851852,-397.4092102050781,40.64173889160156,-26.454734802246094,17.63747215270996,20.705827713012695,16.602022171020508,2.8917315006256104,21.472061157226562,13.097654342651367,10.101119041442871,-4.255167484283447,9.648018836975098,5.307327747344971,4.567987442016602,-1.9347115755081177,12.524344444274902,4.762446880340576,0.31141218543052673,-0.3771226704120636,6.307523250579834,no_cry
1-16568-A-3.wav,0.547259509563446,0.12210185080766678,2024.971078265714,2553.016750328574,5080.6894938151045,0.04810926649305555,-343.7349548339844,44.16109085083008,-8.471565246582031,13.410882949829102,8.017220497131348,4.939755439758301,3.147557020187378,0.8706099987030029,-1.6469427347183228,0.9144852161407471,2.51764178276062,0.44507572054862976,-0.64963698387146,0.25902727246284485,0.8854836225509644,5.00733757019043,4.081725597381592,2.5108096599578857,4.52355432510376,5.72515344619751,no_cry
1-16746-A-15.wav,0.1371375024318695,0.001365486066788435,747.647663951907,756.7764832564964,1691.5028889973958,0.026312934027777776,-695.8690795898438,15.206255912780762,5.4036173820495605,9.243663787841797,2.774827718734741,-0.24424724280834198,3.2639379501342773,3.7813901901245117,0.46194326877593994,1.0724810361862183,-0.5460203289985657,-0.512993335723877,-0.25243332982063293,0.2898828387260437,0.11149385571479797,1.7545877695083618,-0.35958945751190186,1.2308688163757324,-0.9951207041740417,1.0934957265853882,no_cry
1-17092-A-27.wav,0.5744886994361877,0.00892593152821064,3363.054445120921,2584.0603059921555,6273.0906168619795,0.2215033637152778,-295.40350341796875,40.03203582763672,-29.941377639770508,27.67822265625,5.083138942718506,7.793812274932861,8.196516990661621,5.647255897521973,3.287590503692627,11.478124618530273,-3.05363130569458,8.237865447998047,3.07609224319458,10.624286651611328,1.6239787340164185,0.947909951210022,2.949376344680786,7.05950927734375,-3.508495807647705,8.378687858581543,no_cry
1-17092-B-27.wav,0.36976441740989685,0.003971647471189499,2224.452276736135,1894.8393027817774,4583.481852213542,0.11585376880787036,-532.8981323242188,30.572477340698242,-9.137262344360352,12.422675132751465,3.425668478012085,4.471009731292725,9.320629119873047,15.360848426818848,3.693934679031372,4.829949378967285,-3.5814335346221924,2.8838415145874023,3.1983206272125244,6.823374271392822,1.7758612632751465,5.0394511222839355,0.6645664572715759,2.6407930850982666,-1.7792913913726807,4.56275749206543,no_cry
1-17124-A-43.wav,0.07090409845113754,0.013511276803910732,274.2688644634916,207.08243528190468,415.6107584635417,0.020085087528935185,-517.8034057617188,17.904605865478516,-12.801604270935059,2.4782397747039795,-1.3818557262420654,2.6602752208709717,-2.211820125579834,3.069450616836548,-0.5088571906089783,0.3160170316696167,-0.5456257462501526,0.7251089811325073,-0.1114942878484726,-0.4696285128593445,0.6363785266876221,0.1588655263185501,0.638486385345459,-0.8306196928024292,0.4649180769920349,-0.08984774351119995,no_cry
1-17150-A-12.wav,0.6774668097496033,0.02391156367957592,3073.849902185495,3035.6643426259184,7097.682698567708,0.09411847149884259,-286.71575927734375,62.699920654296875,18.566661834716797,29.30619239807129,27.805269241333008,8.13011646270752,-1.118876576423645,25.288713455200195,-7.8715128898620605,4.550048351287842,-3.1644749641418457,6.492743968963623,-5.779511451721191,13.412012100219727,-6.383539199829102,5.814168930053711,-0.8441364169120789,4.086434364318848,0.09546933323144913,3.4267125129699707,no_cry
1-17295-A-29.wav,0.4422277808189392,0.04343641549348831,1253.58722280514,1793.2937992480163,2719.3145751953125,0.037468804253472224,-358.653564453125,108.01083374023438,25.7945556640625,26.18673324584961,-2.936994791030884,-6.314487934112549,-5.894934177398682,10.408869743347168,5.255370616912842,4.494513034820557,1.0942375659942627,7.196591854095459,0.7334120869636536,-2.2575571537017822,1.8153313398361206,2.3780970573425293,1.5431829690933228,5.327119827270508,6.6449127197265625,4.284597873687744,no_cry
1-17367-A-10.wav,0.6201220154762268,0.08717460930347443,3227.892878601584,2021.4047632579038,5710.784912109375,0.2609298140914352,-85.73223114013672,74.40856170654297,-100.62937927246094,65.43181610107422,-40.777374267578125,59.31952667236328,-39.63346481323242,45.40700149536133,-21.426298141479492,23.30572509765625,-15.644861221313477,16.256370544433594,-2.5108814239501953,-1.33107328414917,4.491954803466797,-3.458120346069336,6.30718469619751,-11.37476921081543,9.67449951171875,-13.453841209411621,no_cry
1-17565-A-12.wav,0.6707973480224609,0.024692179635167122,3375.313936247277,2829.0550368596837,6797.613525390625,0.11134168836805555,-233.35812377929688,49.49540710449219,-6.856466293334961,25.677061080932617,7.252681255340576,7.023118019104004,-3.7125017642974854,15.745234489440918,-1.0147515535354614,12.14316177368164,4.515439510345459,13.197057723999023,3.297274589538574,5.793396949768066,-0.920647382736206,4.497098445892334,-0.5044926404953003,6.004663467407227,3.146669387817383,4.919289588928223,no_cry
1-17585-A-7.wav,0.37591463327407837,0.039553407579660416,2871.087683400316,2755.297940808399,6134.5204671223955,0.14583559389467593,-219.8963165283203,66.61763763427734,-8.948227882385254,-6.016193389892578,-35.36396026611328,-22.258474349975586,-21.19948387145996,-24.321704864501953,-25.705995559692383,-18.47846221923828,-24.24127960205078,-16.782638549804688,-15.638884544372559,-8.104384422302246,-15.903446197509766,-4.909282684326172,-12.348893165588379,-2.908503293991089,-7.929439067840576,-2.1991922855377197,no_cry
1-17742-A-12.wav,0.6489045023918152,0.005873132962733507,4744.235381048785,3120.9671647800046,8502.275594075521,0.3050830982349537,-342.43072509765625,22.25251007080078,21.104799270629883,19.684791564941406,2.9241225719451904,10.545045852661133,0.4981994926929474,4.4103569984436035,-4.557820796966553,2.567295789718628,-2.9889633655548096,3.4036648273468018,-2.2989537715911865,2.5030622482299805,-4.910236358642578,1.679274082183838,-2.4591867923736572,1.4982978105545044,-3.966383218765259,1.090793490409851,no_cry
1-17808-A-12.wav,0.7380566000938416,0.049331001937389374,1731.6881283826426,2630.0203235886643,4526.3092041015625,0.02592863859953704,-296.6164245605469,75.34864807128906,13.022614479064941,33.487648010253906,17.68608856201172,20.499357223510742,10.811145782470703,18.07329559326172,17.233457565307617,12.503984451293945,3.889991521835327,12.182501792907715,9.911516189575195,13.79391098022461,6.053462505340576,10.917464256286621,4.610182285308838,7.393050670623779,-2.064495325088501,0.5734637975692749,no_cry
1-17808-B-12.wav,0.6817219853401184,0.028596261516213417,1687.462217950022,2620.552015786596,4356.386311848958,0.027481644241898147,-346.4555358886719,78.84526062011719,18.247739791870117,37.1882438659668,21.712770462036133,19.230018615722656,12.720396041870117,19.083383560180664,16.22747802734375,13.430216789245605,6.378476142883301,12.044245719909668,6.806222915649414,10.532588958740234,1.14404296875,6.926990985870361,1.3666276931762695,7.667322158813477,-1.9724960327148438,0.20959345996379852,no_cry
1-1791-A-26.wav,0.21135097742080688,0.014561273157596588,708.9559955712707,820.4390491624858,1458.8246663411458,0.028781467013888888,-509.6388854980469,49.147857666015625,-7.073183536529541,10.063024520874023,0.6437237858772278,0.8025355935096741,-4.294583320617676,0.9316848516464233,1.1008535623550415,6.78488826751709,3.3053267002105713,2.6600444316864014,-1.4356271028518677,-0.4954361617565155,-0.3142858147621155,1.478659749031067,-2.2844438552856445,-0.7389723658561707,-1.0711877346038818,1.218519687652588,no_cry
1-17970-A-4.wav,0.4140249192714691,0.09996965527534485,1753.297236357296,1326.496037910443,2545.2046712239585,0.12415907118055555,-183.7440185546875,128.68280029296875,-84.17620849609375,17.09884262084961,11.437151908874512,-0.9471323490142822,-36.43144607543945,-41.72807312011719,-4.640658378601074,-11.740625381469727,2.2478654384613037,6.516505718231201,-10.052919387817383,-2.7834043502807617,-3.109144926071167,-3.100254535675049,1.3688273429870605,-0.6705021262168884,-7.968189716339111,-5.586472511291504,no_cry
1-18074-A-6.wav,0.4136931300163269,0.020533153787255287,2269.0184287815005,2550.241172113167,5067.3309326171875,0.08160626446759259,-402.7411804199219,92.349609375,1.5003165006637573,-5.0233683586120605,-9.52836799621582,-12.889623641967773,1.427260398864746,11.108342170715332,5.710392475128174,9.775578498840332,6.751003742218018,0.1387305110692978,-0.9232475161552429,0.8784849643707275,0.5015937089920044,2.599151134490967,2.1771769523620605,5.513547420501709,5.711782932281494,3.4029297828674316,no_cry
1-18074-B-6.wav,0.34787631034851074,0.026776960119605064,2225.424708075205,2492.404040044622,4906.380208333333,0.0958251953125,-351.7861633300781,64.37722778320312,2.14676833152771,-8.19947624206543,-13.079476356506348,-17.213523864746094,-4.574355125427246,10.387764930725098,11.831825256347656,11.354544639587402,8.674455642700195,3.5139102935791016,-0.4878276586532593,-2.955139398574829,-1.9803766012191772,-0.6215460300445557,-2.8230438232421875,2.085937023162842,6.237156391143799,2.9943430423736572,no_cry
1-18527-A-44.wav,0.7421123385429382,0.06887210160493851,1419.7950125138773,1807.8169114957543,2969.538370768229,0.03623679832175926,-201.84681701660156,136.24607849121094,-31.513517379760742,26.762792587280273,-4.319054126739502,18.58606719970703,5.960250377655029,14.074959754943848,3.8037805557250977,6.840902805328369,2.614982843399048,14.888314247131348,2.256887197494507,8.37988567352295,2.2611641883850098,12.186371803283691,7.062470436096191,13.263772010803223,1.1326969861984253,2.9191980361938477,no_cry
1-18527-B-44.wav,0.7075487375259399,0.11649838089942932,874.7096703391309,1416.1690647812093,1697.235107421875,0.014361346209490741,-224.17002868652344,167.4635467529297,-21.758947372436523,24.454378128051758,-2.302090883255005,23.156389236450195,10.842540740966797,9.23987865447998,7.440525054931641,13.967049598693848,2.8167951107025146,13.189906120300293,6.217053413391113,6.190649032592773,6.472140789031982,10.169610977172852,4.907121658325195,7.207385063171387,1.9488146305084229,4.214105129241943,no_cry
1-18631-A-23.wav,0.5648019909858704,0.0356135331094265,1348.011189053458,1634.023868937338,2635.125732421875,0.06166133174189815,-317.3453369140625,146.2508087158203,-17.761953353881836,18.69806671142578,-0.4429938793182373,14.02931022644043,12.464802742004395,-3.5972554683685303,-5.238851070404053,3.8882596492767334,7.817776203155518,-6.1128621101379395,-4.735097885131836,-8.031464576721191,-6.133571624755859,-0.504547119140625,-9.079740524291992,-8.454872131347656,-10.607234001159668,-6.308220386505127,no_cry
1-18655-A-31.wav,0.2512287199497223,0.0026315643917769194,827.0085015461314,935.8011571454363,1771.8536376953125,0.022488064236111112,-671.6098022460938,23.89420509338379,13.16524600982666,5.07878303527832,4.439037322998047,1.7448561191558838,1.8574196100234985,4.330836296081543,1.6125890016555786,2.380197525024414,3.6426894664764404,5.136603355407715,4.971391677856445,2.6366894245147705,1.7010992765426636,2.988187551498413,0.9824842810630798,1.6479424238204956,0.7138406038284302,2.9447689056396484,no_cry
1-18755-A-4.wav,0.34655019640922546,0.09661749005317688,1976.344923797132,1358.978669834922,3107.111612955729,0.13358787254050927,-174.11212158203125,123.73191833496094,-93.43760681152344,20.002408981323242,-0.331103652715683,-0.6292034983634949,17.30952262878418,-11.461485862731934,8.888405799865723,0.37734800577163696,-10.501753807067871,8.641325950622559,0.32233428955078125,5.898336410522461,4.3520073890686035,16.701614379882812,8.859565734863281,15.335371017456055,4.6805524826049805,10.052922248840332,no_cry
1-18755-B-4.wav,0.4162769615650177,0.0789429172873497,2137.914463783844,1663.6621601446047,3341.4347330729165,0.13079381872106483,-157.26034545898438,106.82319641113281,-77.81141662597656,13.100016593933105,-0.8574488162994385,-1.8460993766784668,4.289508819580078,0.4151310324668884,-3.7909936904907227,5.457663536071777,-8.890824317932129,5.561298370361328,5.598245143890381,7.274592876434326,8.209722518920898,13.71826171875,12.165199279785156,11.328639030456543,13.67569351196289,9.011635780334473,no_cry
1-18757-A-4.wav,0.39514750242233276,0.07884155958890915,1602.824589644454,1390.112591601623,2585.6292724609375,0.09883626302083333,-219.20448303222656,143.43324279785156,-74.25443267822266,11.612214088439941,7.01403284072876,16.780683517456055,22.803279876708984,-20.290470123291016,2.963632583618164,5.132229804992676,-9.409412384033203,7.7636942863464355,3.310948610305786,9.73012638092041,5.942997455596924,16.309133529663086,9.132086753845215,13.592554092407227,4.3120012283325195,9.554227828979492,no_cry
1-18810-A-49.wav,0.6583088040351868,0.05665456876158714,3341.8050089046887,2863.631891942807,6887.2853597005205,0.18891511140046297,-175.25546264648438,49.44215393066406,-13.352758407592773,9.56596565246582,-0.247698575258255,8.202317237854004,1.0419560670852661,12.650395393371582,3.499399423599243,12.683892250061035,3.1935434341430664,7.867620944976807,2.9258015155792236,7.507508277893066,0.2619834244251251,5.357936382293701,-1.1241483688354492,4.411736488342285,0.23392623662948608,4.246052265167236,no_cry
1-19026-A-43.wav,0.15313270688056946,0.03725133091211319,690.2836628895988,834.4091695089764,1402.4495442708333,0.03001121238425926,-470.7033996582031,26.248634338378906,3.222402334213257,3.486480951309204,-1.0405164957046509,0.6987598538398743,-0.7127537131309509,2.1821138858795166,-4.214090347290039,-0.5107476711273193,-0.9254516959190369,0.2657019793987274,2.4031310081481934,5.062760353088379,6.77587366104126,6.371506214141846,3.8513784408569336,3.7531626224517822,3.1386611461639404,2.4895853996276855,no_cry
1-19111-A-24.wav,0.07228527218103409,0.015611938200891018,439.00904566328,354.74445350055424,718.670654296875,0.029459635416666668,-538.0665283203125,16.057544708251953,-10.950726509094238,2.3760666847229004,-0.19401352107524872,-3.037285089492798,0.8402906060218811,0.0264300424605608,-4.579049110412598,2.5134215354919434,0.6120696067810059,-0.29050129652023315,-1.0590989589691162,0.17274075746536255,-0.7816250920295715,0.7253376841545105,-2.369774580001831,0.20076431334018707,-0.03967643156647682,-0.9887949824333191,no_cry
1-19118-A-24.wav,0.06157023832201958,0.0009328675805591047,243.5036669494038,280.37878301181905,508.6222330729167,0.010633680555555556,-823.4424438476562,14.473030090332031,-0.347738116979599,3.1682817935943604,-1.9797886610031128,-3.1302075386047363,-0.4353525936603546,2.0641109943389893,-0.6928054094314575,2.133261203765869,0.7758331298828125,0.30264008045196533,-1.094562292098999,-0.08597543835639954,0.7672425508499146,0.6484913229942322,-0.10502933710813522,0.8703296780586243,-0.5725284218788147,-0.5639364719390869,no_cry
1-19501-A-7.wav,0.13712158799171448,0.014990550465881824,790.3643442417654,809.4552946421389,1706.0078938802083,0.037679036458333336,-464.7576904296875,26.525293350219727,0.9385842084884644,3.363142490386963,-1.8129503726959229,-1.2753875255584717,0.23592031002044678,-0.174883633852005,-3.5868546962738037,-0.0005888055893592536,-2.114598274230957,-2.0610463619232178,-1.5489388704299927,-0.1695583462715149,-2.814924716949463,-0.205208420753479,-1.167716145515442,-0.5060186982154846,-1.4557350873947144,0.29457300901412964,no_cry
1-19840-A-36.wav,0.44422784447669983,0.026364706456661224,3385.2874435586036,2787.8698377077785,7008.060709635417,0.21955249927662038,-160.4586944580078,56.532615661621094,-17.030366897583008,11.226689338684082,-8.479470252990723,8.757672309875488,-3.656303644180298,3.961141347885132,-16.016395568847656,6.436962127685547,-14.84348201751709,1.2489361763000488,-12.596760749816895,-6.016221046447754,-11.285346984863281,-8.322484016418457,-8.593832969665527,4.573346138000488,-9.623437881469727,-3.433607816696167,no_cry
1-19872-A-36.wav,0.2713944613933563,0.10197295248508453,2910.180701490233,2639.918328082544,6149.0753173828125,0.12934705946180555,-66.31536102294922,68.6267318725586,-17.577693939208984,21.784528732299805,-2.082810640335083,17.91694450378418,-1.5890576839447021,8.166121482849121,-9.684884071350098,8.393099784851074,-13.595414161682129,-4.96009635925293,-19.25146484375,-9.343125343322754,-13.141071319580078,-2.3724441528320312,-6.758849143981934,6.749112129211426,-7.698464870452881,-4.3965606689453125,no_cry
1-19872-B-36.wav,0.2852354943752289,0.07700050622224808,3107.88696801419,2651.1005672646024,6459.661865234375,0.15214708116319445,-88.70225524902344,61.89108657836914,-14.038847923278809,23.955562591552734,-12.762663841247559,10.305448532104492,-8.73945140838623,8.106624603271484,-5.480020046234131,14.439534187316895,-13.092188835144043,-3.0327768325805664,-20.432607650756836,-8.987034797668457,-12.17055892944336,-6.100826740264893,-2.6656835079193115,12.13494873046875,-4.749999046325684,-4.496991157531738,no_cry
1-19898-A-41.wav,0.5252006649971008,0.05500726401805878,2669.9571212783026,2706.9658029229063,5911.5122477213545,0.12802915219907407,-148.5547637939453,88.64595031738281,4.6353230476379395,16.662715911865234,-6.039418697357178,16.889341354370117,-12.889123916625977,-3.1194703578948975,1.7111839056015015,-0.2833441197872162,-6.032505512237549,-5.458951473236084,-10.765125274658203,8.085549354553223,-2.515294075012207,-2.5824124813079834,-4.547336578369141,0.2916194796562195,-3.6128857135772705,3.0744571685791016,no_cry
1-19898-B-41.wav,0.47460871934890747,0.10816989094018936,2990.597333316688,2678.767766483319,6243.1833902994795,0.17525001808449073,-64.84244537353516,67.45411682128906,-17.12476921081543,1.1943624019622803,-10.357946395874023,12.517989158630371,-13.488531112670898,1.0530415773391724,-6.330612659454346,-5.878037452697754,-7.407514572143555,-7.168070316314697,-12.669981002807617,4.985931396484375,-2.435995578765869,-7.563540458679199,-6.116085529327393,-4.634122848510742,-5.923822402954102,0.15700416266918182,no_cry
1-19898-C-41.wav,0.4330122768878937,0.09276670962572098,3103.1029357032658,2861.5913705806774,6688.651529947917,0.16087284794560186,-106.51731872558594,69.78050231933594,-9.971501350402832,-0.2792847156524658,-4.275343418121338,6.187432289123535,-11.611809730529785,-2.66536545753479,-3.065762758255005,-5.907934188842773,-10.151432991027832,-10.01719856262207,-9.424452781677246,7.194879055023193,0.8916385769844055,-4.341546058654785,-1.0937234163284302,1.075221061706543,-0.9740669131278992,1.3265219926834106,no_cry
1-20133-A-39.wav,0.41496220231056213,0.09008726477622986,2145.5807229747415,1872.0246266056338,4388.785807291667,0.11558702256944445,-304.2434387207031,33.461402893066406,10.350018501281738,14.231781959533691,4.222850799560547,9.02647876739502,1.6181772947311401,7.821087837219238,1.497950792312622,3.7507193088531494,0.44995543360710144,4.023178577423096,0.03698999062180519,4.552873611450195,0.4715428948402405,3.041701078414917,0.2284458726644516,1.8767714500427246,-1.7155730724334717,2.5765411853790283,no_cry
1-20545-A-28.wav,0.6754745244979858,0.031043173745274544,1336.1528902895614,2099.275286566753,2929.8116048177085,0.030734592013888888,-432.8576965332031,64.90967559814453,18.931982040405273,38.100616455078125,22.214757919311523,19.738452911376953,13.30797004699707,17.683141708374023,11.775545120239258,14.081665992736816,-0.7007657289505005,9.975322723388672,4.4397478103637695,2.8605663776397705,1.7683634757995605,6.157428741455078,2.4146387577056885,8.545976638793945,0.9552069306373596,0.6122180819511414,no_cry
1-20736-A-18.wav,0.5547592043876648,0.22598564624786377,3540.65709220035,2820.0554084519777,7152.911376953125,0.23384828920717593,26.88499641418457,42.659114837646484,-27.313343048095703,-5.32149076461792,-17.990291595458984,-9.343338012695312,-10.79568862915039,-7.552854061126709,-10.788689613342285,-6.838040351867676,-10.070488929748535,-6.289614200592041,-17.442319869995117,-2.4093096256256104,-7.281740188598633,3.021449089050293,-2.172909736633301,3.33243989944458,-1.244251012802124,5.435396671295166,no_cry
1-21189-A-10.wav,0.7273621559143066,0.0892033576965332,3661.891592020574,2479.2371096716165,6813.7135823567705,0.2902086046006944,-35.17629623413086,32.59207534790039,-45.32532501220703,11.005314826965332,-20.720693588256836,8.269989967346191,-7.005315780639648,9.736730575561523,-17.417726516723633,6.07882022857666,-10.188666343688965,11.146990776062012,-11.772239685058594,8.129836082458496,-5.747604846954346,5.3336100578308105,-4.134924411773682,6.027974605560303,-3.405219078063965,3.466575860977173,no_cry
1-21421-A-46.wav,0.3021153211593628,0.18735076487064362,1617.694366190248,1656.3643523771661,2964.5538330078125,0.09941270616319445,-91.1653823852539,132.4413299560547,-47.36050796508789,24.90042495727539,0.7835961580276489,10.797700881958008,-1.8449333906173706,9.168349266052246,-0.4608648419380188,-0.635384738445282,-10.180822372436523,-3.6045706272125244,-0.6532431840896606,15.899651527404785,8.018680572509766,5.532236099243164,-6.347675800323486,10.793596267700195,14.458466529846191,18.550138473510742,no_cry
1-21896-A-35.wav,0.5981220006942749,0.1473996341228485,2188.8559390739324,2821.3922912774183,5743.8323974609375,0.04469355830439815,-115.82367706298828,80.72138977050781,8.650931358337402,14.831562995910645,15.705114364624023,14.887392044067383,9.921558380126953,14.37115478515625,9.65640640258789,16.810632705688477,-7.281046390533447,6.437735557556152,12.88321304321289,-2.3895692825317383,-2.1086387634277344,8.020337104797363,1.1024672985076904,8.620192527770996,1.2473950386047363,-2.1042110919952393,no_cry
1-21934-A-38.wav,0.4954582154750824,0.018915357068181038,954.1870017492746,1903.994206708782,1454.5379638671875,0.022659866898148147,-471.2645263671875,117.24520874023438,31.518125534057617,36.00773239135742,39.06327819824219,38.27260208129883,7.931161403656006,5.346493721008301,5.079336643218994,10.62728500366211,9.577648162841797,5.480475425720215,1.2151100635528564,7.058282852172852,2.2082433700561523,3.644322395324707,0.6983726024627686,0.19491958618164062,1.2465174198150635,-2.3193674087524414,no_cry
1-21935-A-38.wav,0.3747962713241577,0.01875443197786808,2496.771356914259,2681.99218326105,5578.8441975911455,0.07883933738425926,-325.6167297363281,88.33485412597656,-1.956839919090271,17.021020889282227,2.7362682819366455,6.281256675720215,1.296477198600769,3.7318925857543945,-7.7020039558410645,-5.254307270050049,-0.015829209238290787,3.0304982662200928,-9.709832191467285,12.478230476379395,1.266379475593567,4.823554039001465,-2.238877534866333,-1.459006667137146,-10.573736190795898,-1.438778042793274,no_cry
1-22804-A-46.wav,0.291633278131485,0.21334220468997955,2049.19901388745,1821.216361010792,3635.6719970703125,0.1348537868923611,-55.65312194824219,103.30785369873047,-55.520389556884766,16.321834564208984,-17.099048614501953,4.9237895011901855,2.4309356212615967,0.643125057220459,-10.011261940002441,3.3834612369537354,2.5006048679351807,9.80534553527832,0.269111305475235,6.848702430725098,-3.4681408405303955,7.688231468200684,-1.2561160326004028,3.051846742630005,0.6388729810714722,4.08461332321167,no_cry
1-22882-A-44.wav,0.6672403216362,0.09101111441850662,1772.2777575607595,1816.0541893376756,3561.601765950521,0.06551332826967593,-119.44136810302734,124.60173797607422,-50.64313888549805,33.45650863647461,-5.610133647918701,23.59903335571289,4.391603469848633,16.445016860961914,3.804450035095215,6.411374568939209,-0.22141553461551666,16.055299758911133,-3.5579946041107178,7.0298991203308105,5.581023216247559,6.0867919921875,4.249152183532715,8.836318969726562,-1.8347924947738647,3.437307119369507,no_cry
1-23094-A-15.wav,0.35927248001098633,0.006654249969869852,2977.611552444226,2653.6054063495835,6137.860107421875,0.15281168619791666,-451.8821716308594,42.883235931396484,-44.324161529541016,-28.492393493652344,-31.36728286743164,-42.75360870361328,-47.13370895385742,-21.077186584472656,-26.392911911010742,-13.27022933959961,-20.672779083251953,-2.254171133041382,-2.2616047859191895,1.1595560312271118,1.5605460405349731,6.16813325881958,6.250460147857666,11.615303993225098,3.9010987281799316,1.7723108530044556,no_cry
1-23094-B-15.wav,0.36610573530197144,0.005941560957580805,2818.2486988115406,2583.308217457388,5846.2148030598955,0.14530436197916666,-445.1797180175781,44.51637649536133,-48.494659423828125,-31.560029983520508,-39.17170715332031,-47.07514190673828,-47.12907791137695,-30.208017349243164,-30.73021125793457,-15.258298873901367,-20.384611129760742,-5.654271602630615,-0.8958410620689392,3.2793970108032227,-3.1393771171569824,5.299248695373535,4.9643330574035645,8.79819393157959,2.2237210273742676,1.5544637441635132,no_cry
1-23222-A-19.wav,0.6503360867500305,0.08686321973800659,1090.7275838379805,1510.408281826155,2079.5491536458335,0.04548701533564815,-216.1767578125,169.6106414794922,-16.18624496459961,19.48588752746582,6.070538520812988,14.192710876464844,-2.1032397747039795,10.492712020874023,-0.02738260291516781,5.666647911071777,1.011543869972229,2.4366466999053955,2.3147342205047607,1.0321377515792847,1.4101827144622803,-1.0809630155563354,1.013580083847046,0.27231693267822266,1.7590066194534302,1.3696657419204712,no_cry
1-23222-B-19.wav,0.6591705083847046,0.13023298978805542,961.6097646238779,1663.8566867177083,1846.6217041015625,0.028150770399305556,-217.3541717529297,159.53024291992188,17.76388931274414,22.303529739379883,4.213507175445557,22.606969833374023,-2.6455111503601074,12.721790313720703,-1.9729212522506714,9.099406242370605,2.340846061706543,6.039785385131836,3.1484029293060303,4.926488399505615,3.2040297985076904,2.7484076023101807,1.3673181533813477,0.3752167224884033,1.404362440109253,3.154391288757324,no_cry
1-23706-A-49.wav,0.5252560973167419,0.008274455554783344,3048.855752030729,2931.540877654676,6964.695231119792,0.16532389322916666,-316.4556884765625,72.22604370117188,-17.64235496520996,-17.21589469909668,-11.96351432800293,-7.040236473083496,-7.081798076629639,-5.923679828643799,-7.896775245666504,-3.00211501121521,-8.354930877685547,-0.7204384803771973,0.2743891179561615,2.4210455417633057,-6.425024509429932,1.4429773092269897,-13.513981819152832,-2.7790675163269043,-5.111152172088623,2.2758350372314453,no_cry
1-23996-A-35.wav,0.44742104411125183,0.14039237797260284,1851.3402140055007,2024.5841960081993,3382.1085611979165,0.101806640625,-47.45146179199219,124.52436065673828,-30.42622947692871,14.942956924438477,0.5223909020423889,-9.917304992675781,-5.037278175354004,0.7639104127883911,-10.769330978393555,1.1271543502807617,-3.3220889568328857,1.558753252029419,-2.2782528400421143,-6.858623504638672,-13.679434776306152,5.314505577087402,-8.75148868560791,-6.3821563720703125,-2.3296916484832764,-2.2687907218933105,no_cry
1-23996-B-35.wav,0.5217372179031372,0.22188960015773773,3040.843216625774,3024.7778017492305,6969.8293050130205,0.19539161964699073,15.637930870056152,71.93215942382812,0.35661470890045166,27.808460235595703,15.677071571350098,5.200090408325195,0.4527203142642975,4.83448600769043,-1.291345477104187,1.9302384853363037,6.001602649688721,8.513985633850098,-5.135838031768799,-5.976137638092041,-12.327608108520508,-0.9743889570236206,0.6605938673019409,-5.36887264251709,-3.00300931930542,-2.2596118450164795,no_cry
1-24074-A-43.wav,0.3412843346595764,0.09919170290231705,1662.0391057873271,1555.8273802648537,2794.3817138671875,0.12557192201967593,-155.38267517089844,136.26925659179688,-48.51639175415039,22.90324592590332,8.327101707458496,2.7569849491119385,13.280013084411621,21.067386627197266,-12.560774803161621,9.18931770324707,4.153846263885498,-5.934826374053955,-3.3849995136260986,8.981375694274902,4.368115425109863,5.786917686462402,1.6283246278762817,3.017167806625366,1.3743256330490112,7.394289493560791,no_cry
1-24076-A-43.wav,0.4161945879459381,0.1390477567911148,2117.3341107668075,2232.326769623882,4305.344645182292,0.11149088541666667,-91.99987030029297,99.71783447265625,-22.698610305786133,10.60428237915039,3.2866013050079346,12.59261703491211,1.8677655458450317,15.759690284729004,3.854915142059326,13.911741256713867,-4.307553768157959,0.7070837616920471,-5.380398273468018,6.588696479797363,7.582890033721924,18.951566696166992,7.896252632141113,7.195253372192383,-4.565155506134033,2.757570505142212,no_cry
1-24524-A-19.wav,0.6308028697967529,0.026998266577720642,474.97742912486126,989.0940916543908,696.3399251302084,0.01622404875578704,-435.4938659667969,193.18829345703125,49.499935150146484,8.24284553527832,17.860998153686523,15.396981239318848,6.754263401031494,5.992344379425049,4.393683910369873,2.22393536567688,1.1760923862457275,0.5514007806777954,1.621069073677063,1.583231806755066,2.0211520195007324,1.7951914072036743,1.1884633302688599,0.7969599366188049,1.6326149702072144,2.5880534648895264,no_cry
1-24524-B-19.wav,0.6116727590560913,0.0625765472650528,1042.5703253247036,1331.7294493273894,2255.0048828125,0.04161693431712963,-306.2826232910156,158.51100158691406,-6.680975914001465,14.690343856811523,21.693897247314453,6.0853495597839355,8.227248191833496,4.867766857147217,1.2057396173477173,2.3535022735595703,0.16159629821777344,1.5207043886184692,2.2741949558258057,2.1604435443878174,2.084359884262085,0.6455088257789612,0.7424656748771667,0.6214691400527954,0.3501037359237671,1.9392110109329224,no_cry
1-24524-C-19.wav,0.6490752696990967,0.05718850716948509,1353.0418248048725,1693.872765300256,2875.928751627604,0.05326560691550926,-275.82733154296875,149.2615203857422,-13.450274467468262,21.65814208984375,7.896831512451172,11.842273712158203,2.5376505851745605,8.86209487915039,2.085259437561035,4.551703929901123,2.1068994998931885,2.6922686100006104,3.4493374824523926,1.1949937343597412,1.1334655284881592,-0.9049991965293884,0.6637438535690308,0.6486796736717224,1.0706194639205933,2.1360442638397217,no_cry
1-24796-A-47.wav,0.5712215900421143,0.24155500531196594,3212.6089199932826,2607.805692091752,6289.589436848958,0.21807861328125,33.79273986816406,65.91272735595703,-13.429491996765137,26.476192474365234,-13.335747718811035,18.702329635620117,-7.62592887878418,5.944345951080322,-5.697000503540039,3.2053353786468506,-8.35849380493164,7.521501541137695,-0.8852378726005554,7.238326549530029,-5.976450443267822,0.749252200126648,-8.365657806396484,2.2486538887023926,-8.14480209350586,1.1733324527740479,no_cry
1-25777-A-48.wav,0.657507061958313,0.004615768790245056,1547.3534460356027,1929.2542379396725,2904.4403076171875,0.07342529296875,-491.8318176269531,143.1758270263672,-15.927433967590332,6.869751453399658,-2.333895444869995,0.7280404567718506,-2.6245808601379395,4.50907039642334,2.3434696197509766,5.038817405700684,2.6312243938446045,2.580894708633423,0.2613517940044403,3.0033416748046875,-0.017300711944699287,1.7743334770202637,-0.01994129829108715,1.6080201864242554,-0.26176097989082336,1.118443250656128,no_cry
1-25781-A-48.wav,0.21407926082611084,0.009815393015742302,2681.7424530277235,1749.5949928746443,4431.1045328776045,0.1925320095486111,-405.123046875,61.50344467163086,-59.90357971191406,37.974754333496094,6.937633991241455,13.730287551879883,-16.739477157592773,11.331525802612305,4.0500030517578125,4.666849613189697,0.8138812184333801,4.027584552764893,3.322751760482788,2.0844907760620117,4.476625442504883,1.0163942575454712,1.8692082166671753,1.3274805545806885,4.8693461418151855,0.9833729267120361,no_cry
1-26143-A-21.wav,0.1706089973449707,0.013218540698289871,1285.5490410416762,1079.0961190292635,2557.2672526041665,0.08519377531828703,-550.0811767578125,11.729445457458496,-9.93217658996582,0.6109999418258667,0.608201265335083,-0.9303721189498901,-5.990754127502441,-5.257277965545654,-7.6748175621032715,-3.7542505264282227,-4.975007057189941,-1.8361296653747559,-3.187913656234741,-0.4972957372665405,-0.9450170993804932,0.5774167776107788,-1.9744137525558472,-0.04209825024008751,-0.5846344232559204,0.055963676422834396,no_cry
1-26176-A-43.wav,0.10456150770187378,0.030729087069630623,750.6772311005963,611.9437423347297,1446.3633219401042,0.05106834129050926,-506.6517028808594,14.868017196655273,-1.1846868991851807,5.23557186126709,-2.6420841217041016,-2.6148312091827393,0.6963499784469604,1.9796748161315918,-3.4368510246276855,3.7685437202453613,-2.0852649211883545,0.7209585905075073,-1.9848726987838745,-1.05718994140625,-1.7098355293273926,0.6314905881881714,-0.2492905557155609,1.1709750890731812,0.03648402914404869,0.893081545829773,no_cry
1-26177-A-43.wav,0.13962838053703308,0.0659942701458931,796.1443297178838,759.6774403905534,1479.0120442708333,0.045224790219907406,-384.4860534667969,34.21894836425781,-20.6470947265625,-5.666464328765869,-15.188179969787598,-6.9013447761535645,-8.074458122253418,-3.48555326461792,-10.240019798278809,-3.949784278869629,-8.04212474822998,-0.4200878441333771,-4.648382186889648,0.4785250127315521,0.7603833675384521,2.105093240737915,-0.8118246793746948,2.485065221786499,1.2525213956832886,1.9046998023986816,no_cry
1-26188-A-30.wav,0.7503032088279724,0.1117948368191719,1272.2742411967643,1844.352646547912,2859.679158528646,0.02336742259837963,-358.4467468261719,91.21532440185547,25.023193359375,14.391669273376465,8.450593948364258,21.24291229248047,8.78128719329834,3.1569275856018066,4.50978422164917,9.050917625427246,9.698017120361328,7.856691360473633,6.4495849609375,9.49527359008789,8.119937896728516,8.787680625915527,6.864435195922852,5.3346123695373535,5.391407012939453,6.513823986053467,no_cry
1-26222-A-10.wav,0.7262498736381531,0.05612071231007576,4815.430412115627,3283.521617639013,8743.826293945312,0.3934461805555556,-78.0723648071289,28.741296768188477,9.492528915405273,1.0502291917800903,8.850235939025879,5.898066997528076,2.8536410331726074,12.173982620239258,-6.5362114906311035,6.0461554527282715,-4.881680011749268,4.388164043426514,-4.9310302734375,4.479481220245361,-3.3307127952575684,3.4189577102661133,-6.047866344451904,4.750762462615967,-2.725827932357788,4.954899311065674,no_cry
1-4211-A-12.wav,0.6686568260192871,0.07276726514101028,1752.805913550782,2406.732797516592,3980.003865559896,0.035515679253472224,-251.7039031982422,77.29296112060547,14.390586853027344,45.64992904663086,23.450227737426758,19.98312759399414,13.320398330688477,20.96717643737793,10.815814018249512,19.41073989868164,9.120084762573242,13.510692596435547,3.919883966445923,9.305088996887207,3.7489545345306396,7.197113990783691,1.4788790941238403,6.4633097648620605,1.1933878660202026,4.013537406921387,no_cry
1-5996-A-6.wav,0.29582133889198303,0.13516999781131744,1879.66502270408,1678.1395095578844,3199.3754069010415,0.11107268156828703,-206.71209716796875,98.11539459228516,-55.38113021850586,-2.5721065998077393,-5.274649143218994,-4.137165069580078,6.637903213500977,7.96783447265625,-1.4675954580307007,6.327096939086914,8.84818172454834,11.383625030517578,4.25765323638916,-5.132073402404785,-8.108945846557617,-1.1182973384857178,-3.1663732528686523,-1.7218055725097656,-3.390284538269043,2.3864266872406006,no_cry
1-7057-A-12.wav,0.5662587285041809,0.006636311765760183,3176.0940809555846,3099.3982449336327,7055.8624267578125,0.08272750289351852,-410.9084777832031,53.12113952636719,43.685890197753906,39.566463470458984,0.3744761049747467,17.09838104248047,5.899734020233154,17.626161575317383,8.827858924865723,14.69369888305664,3.6041622161865234,6.901470184326172,9.241337776184082,7.761022567749023,-6.532723426818848,2.445996046066284,-7.125966548919678,-0.8427737355232239,-8.551525115966797,-1.1970754861831665,no_cry
1-7456-A-13.wav,0.7043449282646179,0.04100153222680092,3917.916849051341,3649.930121831474,8731.564331054688,0.17653175636574073,-182.43890380859375,60.461883544921875,54.32039260864258,0.09450474381446838,9.712862014770508,24.97628402709961,0.6605526208877563,9.381827354431152,8.366026878356934,2.5831897258758545,4.16972541809082,1.9094032049179077,2.6603336334228516,5.458183765411377,-4.2244439125061035,6.166476726531982,1.960047721862793,-3.328740358352661,0.6422203779220581,5.36912727355957,no_cry
1-7973-A-7.wav,0.4576588273048401,0.02426820807158947,3741.4846546747494,2947.032879725613,7419.683837890625,0.22683150679976852,-307.64251708984375,37.079105377197266,-14.20645809173584,-7.620322227478027,-22.732995986938477,-10.045143127441406,-16.576438903808594,-12.534893035888672,-17.030685424804688,-12.035637855529785,-12.949518203735352,-6.494075298309326,-11.772231101989746,-7.811437129974365,-10.635393142700195,-2.2925822734832764,-5.516391277313232,-4.0446062088012695,-6.791763782501221,-1.4805556535720825,no_cry
1-7974-A-49.wav,0.545266330242157,0.08706574887037277,1850.204367995307,1968.9619092371142,3564.8417154947915,0.10106969762731481,-171.5513916015625,112.03564453125,-38.839839935302734,10.975004196166992,-4.461842060089111,11.96158218383789,-0.5563122630119324,7.6453022956848145,4.61867094039917,14.569278717041016,-0.005197913385927677,0.770231306552887,-4.56288480758667,9.087127685546875,6.018167972564697,6.1926398277282715,-1.0782357454299927,0.3916899263858795,-3.209124803543091,5.717165470123291,no_cry
1-7974-B-49.wav,0.2631274461746216,0.022711895406246185,792.8458057376322,873.5473417950644,1594.9025472005208,0.038472493489583336,-479.7462463378906,50.57468032836914,-11.38124942779541,11.156716346740723,-1.7311041355133057,3.172330617904663,-0.8828486800193787,1.8111257553100586,0.9335276484489441,3.5037899017333984,-2.5955121517181396,0.8917360901832581,-2.7435245513916016,3.8752379417419434,-0.33222582936286926,1.9097739458084106,0.5528621077537537,1.6407716274261475,0.2285885214805603,5.288240909576416,no_cry
1-977-A-39.wav,0.09883230924606323,0.005526525899767876,1581.679070051855,771.043298699397,2445.9625244140625,0.11952265986689815,-584.2523803710938,-8.432857513427734,0.5011208653450012,1.7342585325241089,-1.118609070777893,1.6160695552825928,0.9372826814651489,1.8840440511703491,-0.4068843722343445,0.36345553398132324,1.4360039234161377,0.9997822642326355,-0.8101569414138794,1.6907066106796265,-0.5810242295265198,0.9569668173789978,0.09023413062095642,0.22354669868946075,-0.1572100818157196,0.9982637763023376,no_cry
1-9841-A-13.wav,0.5136211514472961,0.00782595481723547,3528.601592969421,3030.0109819926997,7503.025309244792,0.17841932508680555,-344.5151062011719,46.02826690673828,-2.989344358444214,-7.489057540893555,-21.176042556762695,8.436071395874023,8.498372077941895,-11.109010696411133,17.757705688476562,23.89396095275879,-5.573104381561279,33.16404342651367,12.724390029907227,9.352246284484863,21.846529006958008,11.701624870300293,5.989374160766602,18.49223518371582,0.9618031978607178,10.622068405151367,no_cry
1-9886-A-49.wav,0.43140843510627747,0.07048724591732025,3843.1491298715623,2488.434756960287,6458.066813151042,0.2953559027777778,-156.29737854003906,30.68979835510254,-13.493200302124023,24.9468994140625,-24.02719497680664,2.155304431915283,-1.9106699228286743,2.075605869293213,-9.285163879394531,-6.786376953125,2.175043821334839,-3.056041955947876,-11.343961715698242,6.3248372077941895,-3.1039576530456543,1.3077185153961182,-2.286496162414551,-2.4485361576080322,-3.3875019550323486,-10.351600646972656,no_cry
1-9887-A-49.wav,0.3071027398109436,0.07212574034929276,4445.651650521803,2592.165963929029,7537.4684651692705,0.31022361472800924,-207.66213989257812,5.524710178375244,-5.061563968658447,2.8631155490875244,-16.375139236450195,0.8145398497581482,-0.06306719034910202,8.132050514221191,-13.645228385925293,-15.921751976013184,1.2282651662826538,1.8415658473968506,-2.81494402885437,9.27467155456543,-3.5550761222839355,-1.3333511352539062,-4.365920066833496,0.762783408164978,-4.388345718383789,3.531914710998535,no_cry
1-9887-B-49.wav,0.43594229221343994,0.016586462035775185,2855.6493553710948,2379.883017838809,5697.625732421875,0.21431251808449073,-442.149658203125,33.24871063232422,-14.478546142578125,1.0292176008224487,-5.570888519287109,1.71828031539917,-3.7252395153045654,-3.016366481781006,-7.5695672035217285,-0.044344477355480194,-1.2503893375396729,1.3935747146606445,-2.165330171585083,-0.8331555724143982,-1.9267228841781616,1.2705078125,-2.341245651245117,0.5786054134368896,-4.341119289398193,-0.46747758984565735,no_cry
